0.000065,0.000773,0.002034,0.002034,0.003394,0.003954,0.000804,0.000574,0.001864,0.001343,0.004910,0.006149,0.007505,0.004867,0.002859,0.003316,0.003146,0.003668,0.003363,0.004046,0.001047,0.000617,0.004876,0.001360,0.005506,0.002768,0.006814,0.008452,0.017556,0.018303,0.028832,0.035672,0.007848,0.004528,0.016813,0.010520,0.044272,0.054401,0.068632,0.039118,0.029123,0.028550,0.027429,0.034416,0.032326,0.039044,0.008521,0.003763,0.050460,0.011037,0.049404,0.023783,0.062831,0.058338,0.021658,0.012076,0.008856,0.008947,0.007726,0.008122,0.007474,0.009595,0.016608,0.000122,0.000035,0.000039,0.000183,0.000126,0.000135,0.000009,0.000035,0.000004,0.000030,0.000026,0.000017,0.000004,0.000017,0.000022,0.000009,0.000004,0.000004,0.000009,0.000004,0.000030,0.000369,0.000013,0.000004,0.000004,0.000026,0.000004,0.000013,0.000004,0.000004,0.000004,
0.001385,0.018006,0.054017,0.012465,0.016620,0.009695,0.008310,0.013850,0.004155,0.008310,0.009695,0.084488,0.011080,0.012465,0.011080,0.011080,0.009695,0.008310,0.008310,0.008310,0.008310,0.016620,0.006925,0.006925,0.009695,0.006925,0.011080,0.015235,0.080332,0.008310,0.001385,0.008310,0.008310,0.059557,0.011080,0.011080,0.006925,0.038781,0.009695,0.013850,0.005540,0.018006,0.004155,0.009695,0.008310,0.018006,0.008310,0.006925,0.013850,0.002770,0.004155,0.016620,0.009695,0.027701,0.031856,0.015235,0.012465,0.011080,0.013850,0.008310,0.013850,0.011080,0.012465,0.006925,0.001385,0.001385,0.002770,0.001385,0.001385,0.001385,0.001385,0.001385,0.002770,0.001385,0.001385,0.001385,0.004155,0.001385,0.001385,0.001385,0.001385,0.001385,0.001385,0.001385,0.002770,0.001385,0.001385,0.001385,0.001385,0.001385,0.001385,0.001385,0.001385,0.001385,
0.000861,0.007752,0.034453,0.048234,0.005168,0.010336,0.005168,0.005168,0.020672,0.022394,0.008613,0.048234,0.018949,0.012920,0.005168,0.004307,0.012920,0.010336,0.004307,0.007752,0.006891,0.006891,0.009475,0.007752,0.012920,0.008613,0.008613,0.005168,0.008613,0.068906,0.012920,0.012059,0.007752,0.012059,0.075797,0.058570,0.004307,0.105082,0.008613,0.006029,0.004307,0.003445,0.020672,0.003445,0.005168,0.006891,0.008613,0.005168,0.006891,0.008613,0.005168,0.005168,0.007752,0.018088,0.018088,0.017227,0.007752,0.021533,0.012059,0.013781,0.007752,0.004307,0.018088,0.000861,0.001723,0.000861,0.000861,0.000861,0.000861,0.000861,0.001723,0.000861,0.000861,0.000861,0.000861,0.000861,0.000861,0.000861,0.000861,0.000861,0.000861,0.000861,0.000861,0.000861,0.001723,0.000861,0.000861,0.000861,0.000861,0.000861,0.000861,0.000861,0.000861,0.000861,
0.000414,0.003725,0.012831,0.026490,0.110513,0.033113,0.024007,0.007864,0.008692,0.013245,0.016142,0.027318,0.045944,0.023179,0.009520,0.009520,0.007036,0.005381,0.011589,0.048427,0.006623,0.012831,0.015728,0.013245,0.014487,0.046772,0.024834,0.002483,0.002897,0.002070,0.016142,0.007864,0.003311,0.005381,0.009106,0.001656,0.008692,0.012831,0.009934,0.019454,0.003311,0.003311,0.007450,0.003311,0.003725,0.030629,0.004139,0.007036,0.004967,0.021109,0.014487,0.018626,0.020695,0.046358,0.023593,0.008692,0.010348,0.006623,0.007450,0.004139,0.009106,0.011175,0.011589,0.002070,0.000414,0.000414,0.000828,0.000414,0.002070,0.000414,0.000414,0.000414,0.000414,0.000414,0.000414,0.000414,0.000414,0.000414,0.000414,0.000414,0.000414,0.000414,0.000414,0.020281,0.000828,0.000414,0.000414,0.000414,0.000414,0.000414,0.000414,0.000414,0.000414,0.000414,
0.000864,0.003886,0.005181,0.050086,0.021589,0.030656,0.012090,0.015112,0.053972,0.047496,0.007772,0.053541,0.025043,0.020725,0.006477,0.015112,0.004318,0.002591,0.012090,0.012953,0.008636,0.003022,0.006477,0.006908,0.009499,0.011658,0.010363,0.002591,0.002591,0.065630,0.002159,0.003886,0.011658,0.024611,0.036701,0.084629,0.003454,0.097582,0.005181,0.003022,0.003022,0.003022,0.005181,0.003022,0.004318,0.003886,0.002591,0.003022,0.004750,0.004318,0.004750,0.003022,0.004318,0.029793,0.012953,0.019862,0.009067,0.008636,0.009931,0.009067,0.009499,0.007340,0.014249,0.002591,0.000432,0.000864,0.000864,0.000432,0.000864,0.000432,0.000864,0.000432,0.000432,0.000432,0.000432,0.000432,0.000432,0.000432,0.000432,0.000432,0.000432,0.000432,0.000864,0.000864,0.000864,0.000432,0.000432,0.000432,0.000432,0.000432,0.000432,0.000432,0.000432,0.000432,
0.000485,0.003882,0.008734,0.050461,0.020864,0.027656,0.028142,0.012615,0.040272,0.043668,0.003396,0.058224,0.018438,0.008734,0.005337,0.003396,0.019408,0.003882,0.007278,0.005822,0.002911,0.004367,0.007278,0.006308,0.004367,0.005822,0.010674,0.002426,0.014071,0.045609,0.051917,0.004367,0.015041,0.024745,0.054828,0.063561,0.003882,0.055798,0.007763,0.004852,0.001941,0.006308,0.070839,0.003882,0.007278,0.006793,0.002426,0.006308,0.005822,0.002426,0.004367,0.003396,0.005822,0.021349,0.013586,0.011160,0.007278,0.007278,0.004367,0.005822,0.007278,0.006793,0.006308,0.000970,0.000970,0.000970,0.001456,0.001941,0.000970,0.000485,0.000485,0.000485,0.000485,0.000485,0.000485,0.000485,0.000485,0.000485,0.000485,0.000485,0.000485,0.000485,0.000485,0.000485,0.000485,0.000970,0.000485,0.000485,0.000485,0.000485,0.000485,0.000485,0.000485,0.000485,
0.001055,0.006329,0.013713,0.016878,0.015823,0.008439,0.017932,0.020042,0.007384,0.028481,0.009494,0.044304,0.020042,0.017932,0.007384,0.013713,0.008439,0.011603,0.005274,0.024262,0.008439,0.010549,0.011603,0.009494,0.018987,0.017932,0.010549,0.009494,0.003165,0.016878,0.004219,0.012658,0.007384,0.013713,0.007384,0.046414,0.005274,0.047468,0.011603,0.007384,0.011603,0.009494,0.008439,0.003165,0.005274,0.008439,0.008439,0.003165,0.008439,0.009494,0.007384,0.009494,0.005274,0.091772,0.036920,0.016878,0.015823,0.024262,0.017932,0.022152,0.016878,0.017932,0.023207,0.001055,0.001055,0.001055,0.004219,0.001055,0.002110,0.001055,0.001055,0.001055,0.001055,0.001055,0.001055,0.001055,0.002110,0.001055,0.001055,0.001055,0.001055,0.001055,0.001055,0.001055,0.002110,0.001055,0.001055,0.001055,0.001055,0.001055,0.001055,0.001055,0.001055,0.001055,
0.001045,0.009404,0.011494,0.018809,0.052247,0.038662,0.010449,0.009404,0.024033,0.007315,0.035528,0.012539,0.053292,0.014629,0.015674,0.022989,0.008359,0.011494,0.014629,0.036573,0.011494,0.005225,0.025078,0.013584,0.024033,0.053292,0.028213,0.006270,0.003135,0.003135,0.012539,0.009404,0.011494,0.005225,0.004180,0.007315,0.016719,0.007315,0.013584,0.008359,0.012539,0.009404,0.003135,0.006270,0.007315,0.012539,0.006270,0.004180,0.006270,0.006270,0.026123,0.038662,0.011494,0.012539,0.016719,0.014629,0.014629,0.013584,0.010449,0.016719,0.014629,0.012539,0.009404,0.001045,0.001045,0.002090,0.002090,0.001045,0.001045,0.001045,0.001045,0.001045,0.001045,0.001045,0.002090,0.001045,0.001045,0.001045,0.001045,0.001045,0.001045,0.001045,0.001045,0.001045,0.001045,0.001045,0.001045,0.001045,0.001045,0.001045,0.001045,0.001045,0.001045,0.001045,
0.000529,0.003173,0.008990,0.057113,0.023797,0.035960,0.001586,0.005817,0.010576,0.025383,0.014278,0.040190,0.039133,0.023797,0.009519,0.022210,0.005288,0.005288,0.022210,0.069276,0.013749,0.008461,0.039662,0.014278,0.009519,0.101534,0.029085,0.002644,0.009519,0.004759,0.012692,0.009519,0.004231,0.002115,0.003702,0.003173,0.004231,0.012692,0.012692,0.008461,0.003702,0.005817,0.008990,0.003173,0.008461,0.035960,0.004231,0.001586,0.015336,0.005288,0.006875,0.053411,0.020095,0.016922,0.011105,0.008461,0.007932,0.004231,0.006875,0.004231,0.003702,0.007932,0.006346,0.000529,0.000529,0.001058,0.001058,0.000529,0.001586,0.000529,0.000529,0.000529,0.000529,0.000529,0.000529,0.000529,0.000529,0.000529,0.000529,0.000529,0.000529,0.000529,0.000529,0.000529,0.000529,0.000529,0.000529,0.000529,0.000529,0.000529,0.000529,0.000529,0.000529,0.000529,
0.000500,0.006993,0.016484,0.005495,0.059940,0.028472,0.009990,0.023976,0.011489,0.050450,0.026474,0.009990,0.032967,0.016983,0.011988,0.015984,0.012488,0.005495,0.019980,0.056444,0.008991,0.008991,0.018981,0.024975,0.020979,0.087912,0.031968,0.000999,0.005495,0.003996,0.022977,0.007493,0.004496,0.003996,0.005495,0.006494,0.014985,0.008492,0.015485,0.030969,0.003996,0.005994,0.004995,0.006494,0.006494,0.024476,0.006494,0.004496,0.010490,0.003497,0.012488,0.018482,0.014985,0.036464,0.011988,0.005495,0.006494,0.006993,0.005495,0.002997,0.005994,0.006993,0.012488,0.001499,0.000500,0.000500,0.000999,0.000500,0.000500,0.000500,0.000500,0.000999,0.000500,0.000500,0.000500,0.000500,0.000500,0.000500,0.000500,0.000500,0.000500,0.000500,0.000500,0.000500,0.000999,0.000500,0.000500,0.000500,0.000500,0.000500,0.000500,0.000999,0.000500,0.000500,
0.000509,0.002037,0.008147,0.041752,0.018839,0.009165,0.017312,0.007637,0.034623,0.036660,0.011202,0.032077,0.010692,0.006110,0.004073,0.006619,0.009674,0.001527,0.004582,0.007637,0.002546,0.004073,0.007637,0.003564,0.004073,0.002546,0.010183,0.004582,0.005092,0.074847,0.041242,0.006110,0.003055,0.035642,0.053971,0.071792,0.007128,0.156823,0.011711,0.003055,0.005601,0.004582,0.026477,0.003564,0.005092,0.018839,0.002546,0.002037,0.004073,0.001527,0.004073,0.003055,0.003055,0.016802,0.010692,0.024949,0.012220,0.008656,0.005601,0.007128,0.004582,0.009165,0.011711,0.002037,0.002037,0.001527,0.001018,0.000509,0.002037,0.000509,0.000509,0.000509,0.000509,0.000509,0.000509,0.000509,0.000509,0.000509,0.000509,0.000509,0.000509,0.000509,0.001527,0.000509,0.000509,0.000509,0.000509,0.000509,0.000509,0.001018,0.000509,0.000509,0.000509,0.000509,
0.000259,0.005189,0.007265,0.008303,0.053710,0.029061,0.014790,0.009341,0.013752,0.003892,0.011417,0.016347,0.044888,0.019460,0.005449,0.013752,0.009081,0.003633,0.016347,0.032953,0.018941,0.005449,0.019979,0.010638,0.019720,0.077841,0.027244,0.002595,0.006487,0.004152,0.036845,0.006746,0.003633,0.012455,0.007265,0.002854,0.014271,0.016866,0.028023,0.015309,0.004670,0.004930,0.003633,0.001816,0.003892,0.060457,0.005968,0.002854,0.010379,0.007006,0.023612,0.058900,0.015568,0.039699,0.018422,0.008044,0.006487,0.012455,0.005449,0.007265,0.004930,0.014530,0.010898,0.001038,0.000259,0.000519,0.001038,0.000519,0.001038,0.000259,0.000259,0.000519,0.000259,0.000259,0.000259,0.000259,0.000259,0.000259,0.000259,0.000259,0.000259,0.000259,0.000259,0.000519,0.000778,0.000259,0.000259,0.000259,0.000259,0.000259,0.000259,0.000259,0.000259,0.000259,
0.000327,0.001636,0.007197,0.020936,0.005234,0.038273,0.006869,0.011449,0.015375,0.018319,0.009814,0.032712,0.030095,0.014720,0.002290,0.003598,0.024207,0.002944,0.007524,0.006215,0.002290,0.005561,0.009814,0.002944,0.005234,0.007851,0.008832,0.004907,0.009814,0.040236,0.002290,0.071966,0.008505,0.044488,0.033039,0.040236,0.041217,0.088649,0.005234,0.003925,0.003271,0.002290,0.052012,0.002290,0.023553,0.012430,0.004253,0.002290,0.029768,0.003925,0.003271,0.015702,0.014066,0.030749,0.014720,0.009814,0.008178,0.008178,0.005888,0.005888,0.006869,0.012103,0.012758,0.003271,0.000327,0.001636,0.001308,0.000654,0.000981,0.000327,0.000327,0.000654,0.000327,0.000654,0.000654,0.000327,0.000327,0.000327,0.000327,0.000327,0.000327,0.000327,0.000327,0.000654,0.000981,0.000327,0.000654,0.000327,0.000654,0.000327,0.000327,0.000327,0.000327,0.000327,
0.000439,0.003951,0.003073,0.043020,0.022827,0.006585,0.011853,0.009658,0.022827,0.032046,0.005268,0.043459,0.010097,0.011414,0.014486,0.008341,0.005707,0.007463,0.007024,0.007463,0.004829,0.005707,0.010097,0.004829,0.007902,0.008780,0.007463,0.001317,0.003073,0.103600,0.058824,0.002195,0.008780,0.029412,0.057068,0.050483,0.001756,0.109745,0.004390,0.004829,0.006146,0.004829,0.007463,0.004829,0.005268,0.006146,0.003073,0.002195,0.003951,0.003512,0.005707,0.002195,0.005268,0.041264,0.054873,0.011414,0.008780,0.005707,0.008341,0.005707,0.007463,0.003951,0.010536,0.000439,0.000439,0.000878,0.001756,0.002634,0.001317,0.000439,0.001317,0.000439,0.000439,0.000439,0.000439,0.000439,0.000439,0.000439,0.000439,0.000439,0.000439,0.000439,0.000439,0.000439,0.000439,0.000439,0.000439,0.000439,0.000439,0.000439,0.000439,0.000439,0.000439,0.000439,
0.000674,0.012803,0.010108,0.016846,0.022237,0.008760,0.002022,0.008760,0.014825,0.012129,0.004717,0.028976,0.006739,0.011456,0.024933,0.019542,0.004717,0.002695,0.008086,0.018868,0.000674,0.002695,0.012803,0.004043,0.006065,0.005391,0.002695,0.005391,0.002695,0.049865,0.078841,0.008086,0.008086,0.045822,0.127358,0.056604,0.006739,0.071429,0.004043,0.004043,0.005391,0.007412,0.009434,0.002695,0.003369,0.043127,0.006065,0.002695,0.004717,0.005391,0.005391,0.003369,0.006739,0.023585,0.021563,0.014825,0.013477,0.011456,0.005391,0.006739,0.011456,0.006065,0.012129,0.001348,0.000674,0.002695,0.000674,0.000674,0.001348,0.000674,0.000674,0.000674,0.000674,0.000674,0.000674,0.000674,0.000674,0.000674,0.000674,0.000674,0.000674,0.000674,0.000674,0.000674,0.000674,0.000674,0.000674,0.000674,0.000674,0.000674,0.000674,0.000674,0.000674,0.000674,
0.000609,0.007912,0.003652,0.040170,0.018868,0.009130,0.007304,0.018868,0.023737,0.032867,0.004869,0.043822,0.008521,0.012173,0.007912,0.029215,0.018868,0.004869,0.004869,0.010347,0.004260,0.002435,0.003652,0.003652,0.008521,0.007912,0.007912,0.001826,0.003652,0.049909,0.077906,0.007304,0.007912,0.041996,0.048691,0.059647,0.005478,0.079124,0.007304,0.006086,0.010347,0.004869,0.012173,0.004260,0.005478,0.014607,0.002435,0.004260,0.007304,0.003043,0.009130,0.009130,0.004869,0.031649,0.013999,0.010956,0.013999,0.010956,0.008521,0.012173,0.011564,0.009738,0.015216,0.000609,0.000609,0.001217,0.002435,0.001217,0.002435,0.000609,0.000609,0.000609,0.001217,0.000609,0.001217,0.000609,0.000609,0.000609,0.000609,0.000609,0.000609,0.000609,0.000609,0.000609,0.000609,0.000609,0.000609,0.000609,0.000609,0.000609,0.000609,0.000609,0.000609,0.001217,
0.000631,0.003785,0.004416,0.044795,0.011987,0.008833,0.009464,0.017666,0.029022,0.046057,0.006940,0.070662,0.011356,0.006940,0.005047,0.005678,0.013880,0.014511,0.003155,0.006940,0.005678,0.005047,0.005047,0.008833,0.009464,0.015142,0.006309,0.003155,0.003155,0.091483,0.006940,0.003155,0.011356,0.033438,0.032177,0.081388,0.003785,0.140063,0.005678,0.006940,0.004416,0.009464,0.005678,0.002524,0.006940,0.005047,0.004416,0.002524,0.005678,0.003155,0.004416,0.003155,0.006309,0.026498,0.013880,0.018927,0.008202,0.004416,0.006940,0.005047,0.004416,0.005678,0.016404,0.002524,0.000631,0.000631,0.001893,0.001262,0.002524,0.000631,0.000631,0.000631,0.000631,0.000631,0.001262,0.000631,0.000631,0.000631,0.000631,0.000631,0.000631,0.000631,0.000631,0.000631,0.000631,0.000631,0.000631,0.000631,0.000631,0.000631,0.000631,0.000631,0.000631,0.000631,
0.000662,0.005956,0.003309,0.020516,0.005295,0.003309,0.003971,0.021178,0.013898,0.035076,0.006618,0.041694,0.011251,0.009265,0.005956,0.005956,0.005295,0.014560,0.010589,0.009265,0.001324,0.003971,0.009927,0.002647,0.007942,0.008604,0.007942,0.002647,0.007280,0.096625,0.009265,0.005295,0.005956,0.072799,0.023163,0.099272,0.003309,0.152217,0.045003,0.009927,0.003309,0.004633,0.006618,0.005295,0.007280,0.001985,0.004633,0.004633,0.009927,0.003971,0.004633,0.005956,0.009265,0.019193,0.011251,0.004633,0.009927,0.005295,0.009265,0.009927,0.005295,0.008604,0.009927,0.000662,0.000662,0.000662,0.001324,0.001324,0.001324,0.000662,0.001324,0.000662,0.001324,0.001324,0.000662,0.000662,0.000662,0.000662,0.001324,0.000662,0.000662,0.000662,0.000662,0.000662,0.000662,0.001324,0.000662,0.000662,0.000662,0.000662,0.000662,0.000662,0.000662,0.000662,
0.000626,0.002503,0.010013,0.055695,0.006258,0.007509,0.013141,0.011264,0.041302,0.025031,0.006258,0.035044,0.015645,0.010638,0.008135,0.005006,0.006258,0.008761,0.010638,0.011264,0.003129,0.006884,0.003129,0.005632,0.007509,0.008761,0.011264,0.002503,0.004380,0.046934,0.030663,0.006258,0.009387,0.025657,0.110138,0.060701,0.005632,0.104506,0.005632,0.005006,0.003755,0.003129,0.006884,0.004380,0.008135,0.021277,0.002503,0.005632,0.005006,0.003129,0.005632,0.016270,0.006258,0.033792,0.016270,0.013767,0.008761,0.008761,0.008135,0.010013,0.010638,0.010013,0.011264,0.002503,0.000626,0.000626,0.000626,0.000626,0.001252,0.000626,0.000626,0.000626,0.000626,0.000626,0.000626,0.000626,0.000626,0.000626,0.000626,0.000626,0.000626,0.000626,0.000626,0.000626,0.000626,0.000626,0.000626,0.000626,0.000626,0.000626,0.000626,0.000626,0.000626,0.000626,
0.000448,0.002238,0.003133,0.063563,0.003581,0.005372,0.017905,0.018353,0.057744,0.071173,0.011191,0.057744,0.012981,0.010295,0.007162,0.005819,0.004476,0.003581,0.007162,0.058639,0.004924,0.002686,0.007610,0.005372,0.006714,0.001791,0.007610,0.002238,0.001791,0.071173,0.001791,0.001791,0.011191,0.050134,0.072963,0.082363,0.004476,0.067144,0.008057,0.004029,0.004029,0.005372,0.002686,0.003581,0.004029,0.004029,0.004029,0.002686,0.002686,0.001791,0.001343,0.000895,0.004476,0.024172,0.013876,0.007610,0.009848,0.005819,0.005819,0.007162,0.006714,0.008057,0.011638,0.000448,0.000448,0.000448,0.002238,0.000448,0.001343,0.000448,0.000448,0.000895,0.000448,0.000448,0.001791,0.000448,0.000448,0.000448,0.000448,0.000448,0.000448,0.000448,0.000448,0.000448,0.001343,0.000448,0.000448,0.000448,0.000448,0.000448,0.000448,0.000448,0.000448,0.000448,
0.001225,0.006127,0.011029,0.035539,0.012255,0.013480,0.011029,0.012255,0.026961,0.023284,0.009804,0.042892,0.009804,0.009804,0.013480,0.013480,0.009804,0.006127,0.008578,0.006127,0.036765,0.017157,0.009804,0.009804,0.008578,0.009804,0.014706,0.004902,0.012255,0.055147,0.003676,0.007353,0.007353,0.026961,0.045343,0.044118,0.008578,0.055147,0.007353,0.004902,0.006127,0.009804,0.009804,0.008578,0.007353,0.004902,0.009804,0.028186,0.011029,0.004902,0.004902,0.004902,0.013480,0.036765,0.018382,0.009804,0.015931,0.014706,0.013480,0.013480,0.017157,0.008578,0.015931,0.001225,0.001225,0.001225,0.001225,0.001225,0.001225,0.001225,0.001225,0.001225,0.001225,0.002451,0.001225,0.001225,0.001225,0.001225,0.001225,0.001225,0.001225,0.001225,0.001225,0.001225,0.001225,0.001225,0.001225,0.001225,0.001225,0.001225,0.001225,0.001225,0.001225,0.001225,
0.001357,0.009498,0.005427,0.021710,0.009498,0.009498,0.033921,0.009498,0.014925,0.009498,0.009498,0.008141,0.009498,0.013569,0.013569,0.004071,0.008141,0.009498,0.012212,0.009498,0.014925,0.046133,0.018996,0.009498,0.014925,0.009498,0.005427,0.005427,0.008141,0.028494,0.006784,0.014925,0.067843,0.012212,0.012212,0.008141,0.012212,0.020353,0.014925,0.013569,0.016282,0.005427,0.005427,0.008141,0.006784,0.009498,0.012212,0.024423,0.009498,0.005427,0.023066,0.016282,0.013569,0.046133,0.023066,0.021710,0.032564,0.018996,0.016282,0.016282,0.018996,0.021710,0.014925,0.001357,0.001357,0.002714,0.001357,0.001357,0.001357,0.001357,0.001357,0.001357,0.001357,0.001357,0.001357,0.001357,0.001357,0.001357,0.001357,0.004071,0.001357,0.001357,0.001357,0.001357,0.001357,0.001357,0.001357,0.001357,0.001357,0.001357,0.001357,0.001357,0.001357,0.001357,
0.000473,0.002366,0.004733,0.032655,0.010412,0.005206,0.003313,0.008519,0.017511,0.037388,0.005679,0.057265,0.007572,0.010885,0.004733,0.004733,0.046853,0.005206,0.027922,0.011832,0.003786,0.003313,0.014198,0.006152,0.006626,0.005206,0.006152,0.004259,0.004259,0.022717,0.040700,0.003786,0.009938,0.014671,0.013725,0.094179,0.002840,0.124468,0.003786,0.003313,0.004259,0.002366,0.116895,0.004259,0.006152,0.030289,0.004259,0.002366,0.005206,0.003313,0.004259,0.005206,0.002366,0.016091,0.013251,0.008992,0.009938,0.006626,0.006152,0.006152,0.008519,0.007572,0.015144,0.000473,0.000473,0.001420,0.001420,0.000473,0.000947,0.000473,0.000473,0.000473,0.000473,0.000473,0.000473,0.000473,0.000473,0.000473,0.000473,0.000473,0.000473,0.000473,0.000473,0.000473,0.000473,0.000473,0.000473,0.000473,0.000473,0.000473,0.000473,0.000473,0.000473,0.000473,
0.001074,0.008593,0.007519,0.071966,0.008593,0.005371,0.002148,0.008593,0.052632,0.019334,0.011815,0.041890,0.008593,0.006445,0.010741,0.008593,0.007519,0.010741,0.007519,0.005371,0.008593,0.008593,0.016112,0.010741,0.011815,0.006445,0.016112,0.003222,0.006445,0.051557,0.007519,0.005371,0.008593,0.007519,0.081633,0.038668,0.007519,0.075188,0.008593,0.011815,0.012889,0.004296,0.008593,0.011815,0.006445,0.012889,0.009667,0.004296,0.007519,0.009667,0.010741,0.002148,0.003222,0.021482,0.020408,0.019334,0.013963,0.015038,0.017186,0.009667,0.013963,0.010741,0.022556,0.002148,0.001074,0.001074,0.001074,0.001074,0.001074,0.001074,0.001074,0.001074,0.001074,0.001074,0.001074,0.001074,0.001074,0.001074,0.001074,0.001074,0.001074,0.001074,0.001074,0.001074,0.001074,0.001074,0.001074,0.001074,0.001074,0.001074,0.001074,0.001074,0.001074,0.001074,
0.000461,0.002764,0.005988,0.033625,0.017043,0.005988,0.006909,0.012897,0.021649,0.037771,0.005527,0.037771,0.006449,0.005527,0.007830,0.005067,0.005988,0.005067,0.004606,0.014740,0.005988,0.002303,0.017043,0.002764,0.012437,0.002764,0.006449,0.000461,0.002303,0.077844,0.075541,0.002764,0.003685,0.067250,0.049747,0.066329,0.002764,0.111930,0.004606,0.005067,0.002764,0.003224,0.002764,0.004146,0.003224,0.080608,0.002303,0.004606,0.005527,0.005067,0.007370,0.002303,0.004146,0.019807,0.010134,0.015200,0.009673,0.005527,0.007830,0.001382,0.002303,0.005527,0.012437,0.001842,0.000461,0.001382,0.000921,0.000461,0.001382,0.000461,0.000461,0.000461,0.000461,0.000461,0.000461,0.000461,0.000461,0.000461,0.000461,0.000461,0.000461,0.000461,0.000461,0.000461,0.000921,0.000461,0.000461,0.000461,0.000461,0.000461,0.000461,0.000461,0.000461,0.000461,
0.000485,0.005822,0.002911,0.056283,0.007278,0.019408,0.016982,0.010189,0.049491,0.030568,0.004367,0.063561,0.012615,0.044639,0.006308,0.034449,0.009704,0.008734,0.018923,0.006793,0.005822,0.006308,0.018438,0.006308,0.007763,0.023775,0.010189,0.001941,0.004367,0.060650,0.001456,0.004852,0.004852,0.016497,0.076662,0.040272,0.003396,0.058224,0.004367,0.003882,0.005337,0.008248,0.004852,0.006793,0.004367,0.003882,0.003396,0.002426,0.003396,0.002911,0.002426,0.003396,0.003396,0.043183,0.019408,0.009219,0.013586,0.009704,0.011160,0.010189,0.011160,0.012615,0.015041,0.002911,0.000485,0.000485,0.001456,0.000485,0.001456,0.000485,0.000970,0.000485,0.000970,0.000485,0.000485,0.000485,0.000485,0.000485,0.000485,0.000485,0.000485,0.000485,0.000485,0.000485,0.000485,0.000485,0.000485,0.000485,0.000485,0.000485,0.000485,0.000485,0.000485,0.000485,
0.000383,0.003448,0.005747,0.030268,0.005747,0.008812,0.009962,0.008812,0.029885,0.037548,0.009579,0.075862,0.012644,0.005364,0.003831,0.004981,0.006130,0.002682,0.004215,0.004598,0.002682,0.004981,0.006897,0.003448,0.011494,0.004215,0.017625,0.000766,0.003065,0.068966,0.010345,0.003831,0.017241,0.028736,0.098084,0.071264,0.003448,0.221456,0.008429,0.002682,0.001916,0.002682,0.001533,0.004215,0.003065,0.001916,0.004215,0.000766,0.009579,0.001916,0.001533,0.002682,0.004981,0.021456,0.008046,0.010728,0.008046,0.004981,0.003831,0.003831,0.003448,0.003065,0.014559,0.001533,0.000383,0.000383,0.000383,0.000383,0.002299,0.000383,0.000383,0.000383,0.000766,0.000383,0.000383,0.000383,0.000383,0.000766,0.000383,0.000383,0.000383,0.000383,0.000383,0.000383,0.001533,0.000383,0.000383,0.000383,0.000383,0.000383,0.000383,0.000383,0.000383,0.000383,
0.000174,0.001220,0.000523,0.010805,0.000697,0.000871,0.000871,0.000871,0.001220,0.000349,0.000523,0.001046,0.001743,0.001917,0.001220,0.000871,0.000697,0.001743,0.000871,0.001743,0.001220,0.001046,0.000697,0.001220,0.001220,0.000697,0.000349,0.055420,0.243290,0.011154,0.008888,0.010282,0.009237,0.162426,0.013419,0.008191,0.009934,0.096549,0.015859,0.008888,0.006274,0.005751,0.006448,0.006274,0.010282,0.009237,0.007842,0.008714,0.006971,0.008191,0.007668,0.007320,0.008191,0.070582,0.056291,0.012896,0.012025,0.009062,0.006100,0.010979,0.008888,0.010108,0.006971,0.000349,0.000174,0.000349,0.000349,0.000174,0.000697,0.000174,0.000174,0.000174,0.000174,0.000349,0.000174,0.000174,0.000174,0.000349,0.000174,0.000174,0.000174,0.000174,0.000174,0.000349,0.000174,0.000174,0.000174,0.000174,0.000174,0.000174,0.000174,0.000174,0.000174,0.000174,
0.000057,0.000862,0.000287,0.000632,0.000345,0.000402,0.000460,0.000287,0.000460,0.000287,0.000460,0.000575,0.000517,0.000230,0.000690,0.000402,0.000287,0.000172,0.000230,0.000402,0.000287,0.000402,0.000287,0.000345,0.000345,0.000115,0.000287,0.006033,0.017123,0.192381,0.013791,0.010975,0.009366,0.007872,0.101362,0.117336,0.007700,0.151641,0.038901,0.010688,0.004769,0.006436,0.029363,0.007068,0.010113,0.012871,0.004482,0.004137,0.007240,0.002413,0.013159,0.031316,0.010343,0.050221,0.024249,0.023502,0.009309,0.007413,0.005804,0.006206,0.009136,0.007068,0.013906,0.000862,0.000115,0.000230,0.000575,0.000115,0.000632,0.000057,0.000057,0.000057,0.000115,0.000057,0.000057,0.000057,0.000115,0.000057,0.000057,0.000057,0.000057,0.000057,0.000057,0.000057,0.000172,0.000057,0.000057,0.000057,0.000057,0.000057,0.000057,0.000057,0.000057,0.000057,
0.000027,0.000053,0.000133,0.000124,0.000257,0.000106,0.000106,0.000080,0.000071,0.000115,0.000151,0.000204,0.000230,0.000204,0.000142,0.000142,0.000168,0.000106,0.000097,0.000168,0.000089,0.000151,0.000177,0.000089,0.000239,0.000115,0.000221,0.001337,0.013169,0.036922,0.186533,0.042502,0.031201,0.006837,0.014365,0.013586,0.015003,0.043662,0.068805,0.032698,0.010575,0.014764,0.005704,0.005553,0.014666,0.081054,0.006270,0.015800,0.020370,0.018200,0.019050,0.083533,0.032822,0.064563,0.021751,0.009742,0.010043,0.007067,0.006704,0.006961,0.007076,0.010123,0.012727,0.001231,0.000018,0.000283,0.001089,0.000133,0.000939,0.000018,0.000062,0.000018,0.000106,0.000018,0.000027,0.000009,0.000027,0.000027,0.000018,0.000009,0.000009,0.000009,0.000018,0.000097,0.000213,0.000027,0.000009,0.000009,0.000018,0.000009,0.000009,0.000027,0.000009,0.000009,
0.000013,0.000078,0.000234,0.000169,0.000039,0.000208,0.000143,0.000091,0.000117,0.000156,0.000169,0.000156,0.000260,0.000234,0.000169,0.000195,0.000117,0.000911,0.000130,0.000143,0.000104,0.000130,0.000156,0.000130,0.000247,0.000130,0.000117,0.001067,0.005231,0.117121,0.024970,0.050903,0.024332,0.032452,0.113530,0.093999,0.009954,0.123640,0.035445,0.045568,0.010397,0.016369,0.005322,0.003487,0.018919,0.026453,0.003656,0.001470,0.018672,0.005218,0.012049,0.016655,0.020012,0.062458,0.020117,0.009746,0.009239,0.008172,0.006922,0.007274,0.006298,0.008991,0.014990,0.000885,0.000065,0.000286,0.000976,0.000221,0.000911,0.000026,0.000078,0.000052,0.000052,0.000013,0.000026,0.000013,0.000013,0.000052,0.000013,0.000013,0.000013,0.000013,0.000026,0.000052,0.000221,0.000013,0.000013,0.000013,0.000013,0.000013,0.000013,0.000013,0.000013,0.000026,
0.000035,0.000088,0.000123,0.000176,0.000228,0.000088,0.000176,0.000088,0.000158,0.000123,0.000123,0.000211,0.000088,0.000211,0.000158,0.000070,0.000176,0.000123,0.000246,0.000211,0.000176,0.000228,0.000105,0.000140,0.000228,0.000070,0.000193,0.000913,0.010041,0.149543,0.053575,0.054997,0.046904,0.027770,0.089174,0.097583,0.004898,0.122352,0.028736,0.005793,0.004845,0.004529,0.083522,0.004757,0.006074,0.015132,0.007460,0.001457,0.015290,0.002651,0.013850,0.007917,0.013604,0.046150,0.015641,0.008408,0.007144,0.006565,0.006355,0.005301,0.004950,0.007320,0.010743,0.001071,0.000018,0.000369,0.000807,0.000193,0.000720,0.000035,0.000070,0.000070,0.000088,0.000018,0.000018,0.000018,0.000035,0.000018,0.000018,0.000018,0.000018,0.000018,0.000018,0.000053,0.000176,0.000018,0.000018,0.000018,0.000018,0.000018,0.000018,0.000018,0.000018,0.000018,
0.000107,0.000214,0.000465,0.000250,0.000429,0.000357,0.000286,0.000286,0.000322,0.000250,0.000357,0.000322,0.000536,0.000715,0.000465,0.000858,0.000608,0.000608,0.000143,0.000250,0.000286,0.000322,0.000214,0.000250,0.000679,0.000322,0.000643,0.002109,0.009365,0.035601,0.018515,0.018980,0.008150,0.024449,0.009043,0.058548,0.015084,0.071130,0.045931,0.023662,0.011081,0.016299,0.009544,0.009972,0.010902,0.044572,0.006148,0.005183,0.018801,0.004253,0.031919,0.033349,0.025342,0.184830,0.056296,0.021732,0.019409,0.015870,0.017979,0.020624,0.016085,0.023770,0.032813,0.003360,0.000036,0.000751,0.003217,0.000500,0.001537,0.000036,0.000214,0.000036,0.000214,0.000107,0.000036,0.000036,0.000071,0.000071,0.000036,0.000036,0.000036,0.000036,0.000071,0.000214,0.001037,0.000107,0.000036,0.000036,0.000036,0.000036,0.000071,0.000036,0.000036,0.000036,
0.000054,0.000807,0.000108,0.000188,0.000242,0.000215,0.000215,0.000484,0.000161,0.000188,0.000242,0.000135,0.000377,0.000188,0.000161,0.000269,0.000161,0.000161,0.000323,0.000161,0.000242,0.000269,0.000350,0.000188,0.000269,0.000242,0.000188,0.001507,0.002556,0.041214,0.085898,0.068170,0.012832,0.005434,0.039869,0.005703,0.035322,0.031744,0.115813,0.035726,0.015711,0.032309,0.007425,0.008259,0.031206,0.068143,0.009658,0.005972,0.056575,0.011299,0.034461,0.102174,0.049527,0.025907,0.011675,0.004466,0.004304,0.003686,0.004170,0.004439,0.004896,0.005084,0.007371,0.000592,0.000054,0.000296,0.000377,0.000054,0.000484,0.000027,0.000081,0.000054,0.000081,0.000054,0.000027,0.000027,0.000027,0.000027,0.000027,0.000027,0.000027,0.000027,0.000054,0.000054,0.000135,0.000054,0.000027,0.000027,0.000027,0.000054,0.000027,0.000027,0.000027,0.000027,
0.000036,0.000084,0.000084,0.000108,0.000144,0.000205,0.000144,0.000096,0.000048,0.000048,0.000217,0.000096,0.000181,0.000662,0.000108,0.000156,0.000144,0.000096,0.000144,0.000313,0.000096,0.000120,0.000096,0.000048,0.000108,0.000301,0.000096,0.002575,0.004718,0.080260,0.040918,0.061667,0.003213,0.007510,0.004838,0.036815,0.019244,0.062365,0.078816,0.030761,0.013852,0.033998,0.005091,0.005259,0.033517,0.084701,0.011987,0.007654,0.068683,0.015826,0.010880,0.165395,0.039992,0.025032,0.008256,0.003659,0.002684,0.003009,0.002467,0.002985,0.003538,0.005548,0.005945,0.000301,0.000024,0.000385,0.000566,0.000048,0.000409,0.000012,0.000048,0.000012,0.000072,0.000012,0.000024,0.000012,0.000024,0.000012,0.000012,0.000012,0.000012,0.000012,0.000012,0.000048,0.000168,0.000012,0.000012,0.000012,0.000024,0.000012,0.000012,0.000012,0.000012,0.000012,
0.000011,0.000046,0.000126,0.000080,0.000218,0.000230,0.000069,0.000057,0.000103,0.000103,0.000230,0.000092,0.000138,0.000126,0.000103,0.000184,0.000103,0.000126,0.000184,0.000172,0.000057,0.000103,0.000184,0.000069,0.000080,0.000184,0.000126,0.001033,0.028323,0.012520,0.093265,0.040212,0.016548,0.040785,0.010305,0.067536,0.034290,0.010259,0.046741,0.026624,0.011660,0.023388,0.011522,0.005038,0.027427,0.081433,0.004189,0.008102,0.031949,0.035415,0.026062,0.143747,0.049886,0.046133,0.015653,0.005451,0.003753,0.003672,0.004407,0.004372,0.004338,0.008148,0.009261,0.000666,0.000057,0.000264,0.000872,0.000023,0.000838,0.000011,0.000069,0.000011,0.000023,0.000011,0.000011,0.000011,0.000023,0.000023,0.000011,0.000011,0.000011,0.000011,0.000011,0.000046,0.000115,0.000023,0.000011,0.000011,0.000011,0.000011,0.000011,0.000011,0.000011,0.000011,
0.000067,0.000200,0.000100,0.000400,0.000233,0.000167,0.000266,0.000133,0.000233,0.000200,0.000167,0.000167,0.000133,0.000233,0.000200,0.000100,0.000200,0.000266,0.000366,0.000233,0.000167,0.000067,0.000167,0.000167,0.000233,0.000167,0.000133,0.002098,0.004029,0.143623,0.048085,0.017616,0.024376,0.042224,0.105028,0.134732,0.054712,0.164169,0.027706,0.004995,0.004729,0.003663,0.039794,0.004462,0.008292,0.046254,0.002597,0.001565,0.008691,0.002065,0.004163,0.002930,0.006960,0.028705,0.009424,0.007259,0.006127,0.003530,0.004129,0.004396,0.004163,0.005528,0.008825,0.000799,0.000100,0.000266,0.000333,0.000067,0.000666,0.000033,0.000033,0.000067,0.000033,0.000033,0.000033,0.000033,0.000033,0.000033,0.000033,0.000100,0.000033,0.000033,0.000033,0.000067,0.000033,0.000033,0.000033,0.000033,0.000033,0.000033,0.000033,0.000033,0.000033,0.000033,
0.000015,0.000045,0.000037,0.000075,0.000134,0.000142,0.000037,0.000045,0.000067,0.000037,0.000149,0.000254,0.000216,0.000157,0.000060,0.000075,0.000104,0.000112,0.000075,0.000201,0.000112,0.000067,0.000127,0.000104,0.000164,0.000164,0.000179,0.003282,0.008741,0.008003,0.110102,0.058914,0.022950,0.013440,0.024412,0.005370,0.017154,0.012500,0.077068,0.039023,0.008764,0.021406,0.014223,0.006012,0.023196,0.072929,0.014984,0.006660,0.036807,0.013455,0.029386,0.154248,0.060675,0.054484,0.019989,0.006839,0.005109,0.005661,0.005452,0.006355,0.006317,0.008450,0.011411,0.000470,0.000030,0.000403,0.000970,0.000104,0.000791,0.000015,0.000052,0.000007,0.000022,0.000015,0.000015,0.000007,0.000015,0.000015,0.000007,0.000007,0.000007,0.000007,0.000015,0.000037,0.000172,0.000007,0.000015,0.000015,0.000007,0.000007,0.000015,0.000007,0.000007,0.000007,
0.000044,0.000074,0.000132,0.000235,0.000147,0.000206,0.000176,0.000088,0.000132,0.000147,0.000162,0.000279,0.000176,0.000206,0.000088,0.000206,0.000221,0.000162,0.000132,0.000118,0.000103,0.000103,0.000162,0.000147,0.000294,0.000118,0.000103,0.002868,0.022970,0.078702,0.005985,0.118289,0.012999,0.036837,0.053512,0.051233,0.030043,0.084129,0.076658,0.020470,0.004294,0.005294,0.075247,0.003103,0.026043,0.014117,0.006132,0.006632,0.028293,0.002588,0.006176,0.011661,0.020396,0.078982,0.027469,0.011749,0.009176,0.007323,0.006779,0.007441,0.008823,0.012176,0.015940,0.001691,0.000059,0.000221,0.001132,0.000221,0.001132,0.000044,0.000059,0.000029,0.000059,0.000015,0.000015,0.000015,0.000029,0.000015,0.000015,0.000015,0.000015,0.000029,0.000029,0.000044,0.000279,0.000015,0.000015,0.000015,0.000029,0.000015,0.000015,0.000015,0.000015,0.000015,
0.000024,0.000119,0.000238,0.000357,0.000381,0.000143,0.000238,0.000048,0.000357,0.000214,0.000190,0.000238,0.000238,0.000238,0.000309,0.000381,0.000238,0.000167,0.000381,0.000238,0.000143,0.000119,0.000286,0.000167,0.000214,0.000119,0.000119,0.001690,0.008690,0.148343,0.062351,0.005238,0.038449,0.032092,0.086444,0.107752,0.004976,0.141915,0.027236,0.032878,0.020117,0.012546,0.007095,0.008475,0.005999,0.014332,0.006142,0.002214,0.012784,0.003690,0.012356,0.009190,0.013451,0.061899,0.020260,0.011404,0.012046,0.008499,0.007690,0.008571,0.008428,0.009713,0.014737,0.000786,0.000095,0.000214,0.000905,0.000143,0.001000,0.000048,0.000048,0.000048,0.000071,0.000048,0.000119,0.000048,0.000024,0.000024,0.000024,0.000024,0.000024,0.000024,0.000048,0.000143,0.000262,0.000024,0.000024,0.000024,0.000024,0.000024,0.000024,0.000048,0.000024,0.000024,
0.000049,0.000147,0.000885,0.000295,0.000295,0.000295,0.000098,0.000934,0.000344,0.000295,0.000491,0.000442,0.000246,0.000344,0.000344,0.000393,0.000246,0.000393,0.000295,0.000197,0.000295,0.000246,0.000590,0.000246,0.000246,0.000246,0.000541,0.002998,0.004669,0.096972,0.083948,0.028851,0.016023,0.072987,0.097022,0.070087,0.005603,0.123513,0.010469,0.015925,0.065123,0.021675,0.010420,0.004817,0.006881,0.060946,0.003735,0.004030,0.017301,0.005849,0.009240,0.006783,0.005652,0.036469,0.015531,0.012337,0.010960,0.010076,0.008798,0.009240,0.008749,0.009977,0.013074,0.000688,0.000049,0.000590,0.000344,0.000049,0.000639,0.000098,0.000098,0.000049,0.000098,0.000049,0.000049,0.000049,0.000049,0.000049,0.000049,0.000049,0.000049,0.000049,0.000049,0.000098,0.000098,0.000049,0.000049,0.000049,0.000049,0.000049,0.000049,0.000049,0.000049,0.000049,
0.000034,0.000137,0.000206,0.000343,0.000274,0.000274,0.000446,0.000343,0.000274,0.000309,0.000309,0.000755,0.000412,0.000206,0.000240,0.000172,0.000377,0.000137,0.000240,0.000343,0.000172,0.000137,0.000343,0.000172,0.000412,0.000206,0.000309,0.001304,0.005661,0.141514,0.053278,0.011493,0.016673,0.060311,0.085389,0.119318,0.005798,0.124773,0.024563,0.011047,0.008577,0.043878,0.049024,0.006930,0.007376,0.028577,0.003362,0.005146,0.005729,0.002401,0.012556,0.014855,0.012693,0.046931,0.016844,0.008199,0.007342,0.007239,0.005935,0.006038,0.007101,0.008748,0.012144,0.000515,0.000172,0.000412,0.000515,0.000103,0.000686,0.000069,0.000103,0.000034,0.000137,0.000034,0.000069,0.000034,0.000034,0.000034,0.000034,0.000034,0.000034,0.000034,0.000069,0.000069,0.000069,0.000034,0.000069,0.000034,0.000034,0.000034,0.000034,0.000034,0.000034,0.000069,
0.000028,0.000084,0.000084,0.000197,0.000169,0.000084,0.000197,0.000141,0.000141,0.000197,0.000253,0.000479,0.000253,0.000113,0.000141,0.000141,0.000253,0.000225,0.000169,0.000169,0.000084,0.000056,0.000169,0.000056,0.000338,0.000197,0.000225,0.001380,0.004562,0.170220,0.022812,0.023207,0.014814,0.052384,0.116569,0.122539,0.003830,0.231954,0.008505,0.006111,0.007745,0.004872,0.007041,0.008984,0.007351,0.013772,0.001887,0.002112,0.005323,0.002338,0.009209,0.017827,0.011378,0.041879,0.014927,0.008336,0.006703,0.005295,0.005774,0.006055,0.006083,0.006618,0.010956,0.000789,0.000141,0.000197,0.000817,0.000084,0.000704,0.000056,0.000141,0.000028,0.000113,0.000028,0.000028,0.000056,0.000056,0.000056,0.000028,0.000028,0.000028,0.000028,0.000084,0.000028,0.000225,0.000028,0.000028,0.000028,0.000028,0.000028,0.000028,0.000028,0.000028,0.000028,
0.000062,0.000435,0.000186,0.000683,0.000497,0.000248,0.000373,0.000435,0.000807,0.000373,0.000248,0.000497,0.000373,0.000497,0.000310,0.000559,0.000559,0.000310,0.000559,0.000248,0.000310,0.000310,0.000310,0.000186,0.000248,0.000497,0.000559,0.003477,0.007761,0.115478,0.014342,0.009747,0.006643,0.105544,0.048799,0.167319,0.010182,0.218290,0.017943,0.017818,0.006208,0.007885,0.018563,0.019308,0.026696,0.009375,0.003725,0.002608,0.013597,0.006022,0.010120,0.010244,0.019122,0.025455,0.010120,0.008630,0.006581,0.005463,0.005215,0.005650,0.005774,0.005339,0.010865,0.000124,0.000062,0.000373,0.000559,0.000124,0.000435,0.000124,0.000062,0.000062,0.000124,0.000062,0.000124,0.000062,0.000062,0.000062,0.000062,0.000062,0.000062,0.000062,0.000062,0.000062,0.000062,0.000062,0.000062,0.000062,0.000062,0.000062,0.000062,0.000062,0.000062,0.000062,
0.000060,0.000149,0.000208,0.000268,0.000119,0.000298,0.000238,0.000179,0.000327,0.000238,0.000089,0.000417,0.000298,0.003006,0.000179,0.000238,0.000327,0.000357,0.000149,0.000238,0.000179,0.000179,0.000238,0.000179,0.000149,0.000327,0.000268,0.001101,0.006279,0.166711,0.019909,0.011695,0.042377,0.034074,0.147844,0.075023,0.005297,0.146564,0.036098,0.008422,0.007380,0.003958,0.011428,0.009702,0.021337,0.025444,0.003035,0.001607,0.005803,0.002172,0.008452,0.013749,0.014969,0.066066,0.020236,0.010059,0.008928,0.006934,0.006547,0.006428,0.009493,0.010356,0.011041,0.000982,0.000119,0.000298,0.000982,0.000060,0.000863,0.000060,0.000060,0.000030,0.000060,0.000060,0.000030,0.000030,0.000060,0.000030,0.000030,0.000030,0.000030,0.000030,0.000030,0.000179,0.000149,0.000030,0.000030,0.000030,0.000060,0.000119,0.000030,0.000030,0.000030,0.000030,
0.000029,0.000015,0.000073,0.000132,0.000029,0.000088,0.000117,0.000059,0.000029,0.000146,0.000088,0.000249,0.000220,0.000176,0.000176,0.000117,0.000161,0.000044,0.000088,0.000073,0.000059,0.000073,0.000176,0.000059,0.000132,0.000132,0.000176,0.001040,0.002930,0.149830,0.003032,0.011236,0.033971,0.041032,0.130010,0.136836,0.007588,0.133321,0.019615,0.022223,0.012393,0.004878,0.003999,0.003091,0.011075,0.116972,0.003047,0.001172,0.008965,0.008291,0.009038,0.002710,0.011998,0.043185,0.013887,0.007310,0.005142,0.004204,0.004234,0.004292,0.004131,0.006709,0.010371,0.000718,0.000029,0.000249,0.000703,0.000088,0.000718,0.000059,0.000044,0.000029,0.000015,0.000015,0.000015,0.000015,0.000029,0.000015,0.000015,0.000015,0.000015,0.000015,0.000044,0.000015,0.000205,0.000044,0.000088,0.000029,0.000015,0.000015,0.000029,0.000015,0.000015,0.000015,
0.000091,0.000729,0.000547,0.000456,0.000456,0.000638,0.000273,0.000729,0.000820,0.000273,0.002644,0.000820,0.000273,0.000638,0.000638,0.000182,0.000273,0.000547,0.000547,0.000638,0.000820,0.000638,0.000456,0.000638,0.000638,0.000456,0.001094,0.005652,0.017411,0.108569,0.008751,0.007566,0.046946,0.030264,0.077758,0.063263,0.007475,0.150137,0.011942,0.010848,0.005652,0.006655,0.020419,0.005105,0.011759,0.013400,0.087603,0.046126,0.008295,0.003646,0.008387,0.009936,0.019964,0.069371,0.029079,0.012397,0.010210,0.008204,0.007201,0.009480,0.009298,0.012124,0.014312,0.001276,0.000091,0.000638,0.001185,0.000182,0.001641,0.000091,0.000091,0.000091,0.000182,0.000091,0.000091,0.000091,0.000091,0.000091,0.000091,0.000091,0.000091,0.000091,0.000091,0.000182,0.000365,0.000091,0.000091,0.000091,0.000182,0.000091,0.000091,0.000091,0.000091,0.000091,
0.000124,0.000993,0.000497,0.000621,0.000993,0.001242,0.000497,0.000745,0.000373,0.000621,0.000869,0.001118,0.000869,0.001614,0.001118,0.000993,0.000621,0.005340,0.000621,0.001738,0.001242,0.001863,0.001366,0.000869,0.007202,0.001242,0.001118,0.005836,0.012169,0.041103,0.014529,0.030051,0.059108,0.022724,0.078728,0.021607,0.017385,0.056501,0.026077,0.019247,0.013287,0.008692,0.010058,0.007947,0.008320,0.013411,0.017509,0.062710,0.053024,0.005836,0.020738,0.008072,0.022104,0.097479,0.042593,0.030548,0.016267,0.016888,0.016391,0.017633,0.016143,0.020862,0.021483,0.000993,0.000124,0.001490,0.002608,0.000497,0.000993,0.000124,0.000124,0.000124,0.000248,0.000124,0.000124,0.000124,0.000124,0.000124,0.000124,0.000124,0.000124,0.000124,0.000124,0.000124,0.000373,0.000124,0.000248,0.000124,0.000124,0.000124,0.000124,0.000124,0.000124,0.000248,
0.000023,0.000252,0.000183,0.000343,0.000114,0.000160,0.000137,0.000069,0.000206,0.000206,0.000137,0.000252,0.000229,0.000252,0.000137,0.000183,0.000366,0.000160,0.000412,0.000252,0.000160,0.000046,0.000183,0.000092,0.000114,0.000137,0.000114,0.001076,0.002312,0.087302,0.039747,0.018477,0.009685,0.025598,0.038511,0.133368,0.003732,0.142618,0.010303,0.012753,0.005243,0.002633,0.170322,0.005106,0.113999,0.023468,0.005884,0.002908,0.024018,0.006090,0.007098,0.004236,0.006915,0.027818,0.010349,0.009113,0.007441,0.005220,0.005495,0.003869,0.005472,0.005655,0.008906,0.000298,0.000046,0.000229,0.000389,0.000046,0.000435,0.000023,0.000023,0.000023,0.000092,0.000023,0.000069,0.000023,0.000092,0.000046,0.000023,0.000023,0.000023,0.000023,0.000023,0.000023,0.000114,0.000023,0.000023,0.000023,0.000023,0.000023,0.000046,0.000023,0.000023,0.000023,
0.000067,0.000269,0.000336,0.000606,0.000942,0.000269,0.000336,0.000471,0.000404,0.000336,0.000336,0.000538,0.000606,0.000336,0.000538,0.000269,0.000135,0.000471,0.000269,0.000471,0.000336,0.000202,0.000336,0.000135,0.000606,0.000404,0.000202,0.001682,0.003432,0.364444,0.013391,0.006393,0.014602,0.009151,0.189220,0.058946,0.004172,0.136666,0.010094,0.005854,0.010026,0.006191,0.004239,0.005181,0.004643,0.010632,0.002826,0.003365,0.008748,0.008411,0.016150,0.006258,0.005922,0.021466,0.009151,0.008815,0.005922,0.004172,0.003566,0.006056,0.005383,0.004508,0.005720,0.000404,0.000135,0.000067,0.000673,0.000202,0.000740,0.000135,0.000202,0.000067,0.000067,0.000067,0.000067,0.000067,0.000067,0.000067,0.000067,0.000067,0.000067,0.000067,0.000067,0.000202,0.000067,0.000067,0.000067,0.000067,0.000067,0.000067,0.000135,0.000067,0.000067,0.000135,
0.000029,0.000177,0.000265,0.000265,0.000383,0.000177,0.000088,0.000265,0.000265,0.000265,0.000088,0.000206,0.000059,0.000177,0.000295,0.000442,0.000118,0.000295,0.000147,0.000354,0.000236,0.000088,0.000236,0.000177,0.000206,0.000147,0.000059,0.001799,0.003214,0.134234,0.075049,0.004453,0.038690,0.063313,0.080534,0.124473,0.003185,0.162956,0.012120,0.008286,0.006900,0.004482,0.007195,0.004659,0.004925,0.070980,0.002654,0.001917,0.025744,0.003981,0.039840,0.008404,0.006635,0.023975,0.012267,0.009672,0.007048,0.005986,0.005573,0.005367,0.005632,0.006281,0.009495,0.000324,0.000059,0.000324,0.000501,0.000029,0.000295,0.000029,0.000029,0.000029,0.000088,0.000029,0.000029,0.000029,0.000029,0.000029,0.000029,0.000029,0.000059,0.000029,0.000059,0.000088,0.000118,0.000059,0.000029,0.000029,0.000029,0.000029,0.000029,0.000029,0.000029,0.000029,
0.000054,0.000109,0.000136,0.000190,0.000095,0.000231,0.000068,0.000082,0.000177,0.000136,0.000190,0.000163,0.000272,0.000217,0.000136,0.000217,0.000068,0.000204,0.000177,0.000149,0.000163,0.000082,0.000163,0.000122,0.000217,0.000149,0.000095,0.001100,0.003002,0.099161,0.006140,0.055394,0.024505,0.017604,0.086786,0.051794,0.003572,0.100981,0.031582,0.079152,0.006765,0.077807,0.011641,0.009807,0.031650,0.006520,0.006765,0.002214,0.027290,0.002988,0.009278,0.043984,0.007525,0.079777,0.025578,0.011043,0.008368,0.007199,0.008028,0.008463,0.008897,0.011342,0.017373,0.001195,0.000054,0.000516,0.001223,0.000204,0.000856,0.000027,0.000082,0.000027,0.000095,0.000068,0.000014,0.000014,0.000014,0.000041,0.000014,0.000014,0.000014,0.000014,0.000014,0.000068,0.000163,0.000027,0.000014,0.000014,0.000014,0.000014,0.000014,0.000014,0.000014,0.000014,
0.000021,0.000062,0.000187,0.000062,0.000104,0.000146,0.000208,0.000166,0.000250,0.000187,0.000125,0.000312,0.000125,0.000104,0.000104,0.000146,0.000083,0.000166,0.000146,0.000229,0.000146,0.000062,0.000187,0.000083,0.000125,0.000104,0.000083,0.000832,0.003786,0.137350,0.008343,0.006366,0.034244,0.028856,0.122392,0.116400,0.030645,0.268937,0.019015,0.006512,0.003745,0.006033,0.003807,0.005014,0.005035,0.005721,0.002746,0.002018,0.010007,0.001727,0.029958,0.007843,0.039174,0.033703,0.011089,0.006803,0.005950,0.003786,0.003578,0.004057,0.003932,0.005118,0.009071,0.000374,0.000042,0.000208,0.000666,0.000062,0.000395,0.000062,0.000021,0.000062,0.000104,0.000021,0.000021,0.000021,0.000042,0.000042,0.000021,0.000021,0.000021,0.000021,0.000042,0.000062,0.000146,0.000042,0.000021,0.000021,0.000021,0.000021,0.000021,0.000021,0.000021,0.000021,
0.000010,0.000241,0.000136,0.000324,0.000230,0.000178,0.000178,0.000084,0.000094,0.000115,0.000251,0.000544,0.000220,0.000398,0.000345,0.000209,0.000241,0.000136,0.000146,0.000262,0.000209,0.000157,0.000241,0.000188,0.000303,0.000262,0.000293,0.005607,0.002103,0.003086,0.002019,0.002877,0.000722,0.000649,0.001412,0.001569,0.002239,0.007323,0.004572,0.003473,0.002375,0.002009,0.001402,0.001496,0.001935,0.004028,0.001004,0.000921,0.003986,0.000942,0.003913,0.003693,0.003316,0.121595,0.315929,0.063460,0.047276,0.044305,0.031929,0.031008,0.034450,0.124524,0.107336,0.001318,0.000084,0.000293,0.000209,0.000073,0.000816,0.000094,0.000052,0.000042,0.000021,0.000042,0.000031,0.000021,0.000010,0.000010,0.000010,0.000010,0.000010,0.000010,0.000052,0.000063,0.000115,0.000021,0.000010,0.000010,0.000021,0.000010,0.000021,0.000021,0.000010,0.000010,
0.000015,0.000208,0.001798,0.000401,0.000371,0.000253,0.000253,0.000193,0.000104,0.000163,0.000297,0.000461,0.000475,0.000342,0.000312,0.000163,0.000149,0.000282,0.000253,0.000416,0.000134,0.000802,0.000312,0.000193,0.000357,0.000342,0.000267,0.002228,0.006715,0.004873,0.002585,0.002421,0.001352,0.000906,0.001560,0.001411,0.002392,0.006165,0.003803,0.005348,0.003402,0.002169,0.001872,0.001946,0.003179,0.002362,0.001084,0.001292,0.005096,0.001055,0.004888,0.002095,0.003120,0.105223,0.094616,0.310040,0.057432,0.054847,0.039323,0.037466,0.038967,0.036530,0.137743,0.000862,0.000104,0.000134,0.000357,0.000193,0.000669,0.000074,0.000059,0.000015,0.000030,0.000015,0.000089,0.000015,0.000030,0.000015,0.000015,0.000015,0.000015,0.000015,0.000030,0.000059,0.000208,0.000045,0.000015,0.000015,0.000015,0.000015,0.000015,0.000015,0.000015,0.000015,
0.000026,0.000569,0.000233,0.000725,0.001139,0.000518,0.000492,0.000285,0.000207,0.001579,0.000492,0.000958,0.000362,0.000621,0.000569,0.000647,0.000440,0.000388,0.000362,0.000492,0.000259,0.000285,0.000569,0.000414,0.000544,0.000699,0.000673,0.006367,0.003313,0.012320,0.014054,0.005720,0.002511,0.001501,0.002459,0.002200,0.004995,0.014183,0.007920,0.009887,0.005901,0.004245,0.003106,0.002873,0.004115,0.006341,0.002536,0.002614,0.007816,0.002873,0.006445,0.007713,0.006703,0.099878,0.101224,0.096850,0.205994,0.057820,0.056448,0.040997,0.039444,0.039548,0.091130,0.001527,0.000052,0.000362,0.000569,0.000155,0.001061,0.000052,0.000181,0.000026,0.000155,0.000104,0.000078,0.000026,0.000026,0.000052,0.000026,0.000026,0.000026,0.000026,0.000026,0.000104,0.000259,0.000026,0.000259,0.000026,0.000052,0.000026,0.000026,0.000026,0.000026,0.000026,
0.000032,0.000380,0.000412,0.000887,0.000792,0.000570,0.000380,0.000475,0.000158,0.000443,0.000380,0.000950,0.000507,0.000570,0.003705,0.000443,0.000380,0.000507,0.000443,0.000602,0.000380,0.000443,0.000823,0.000158,0.000412,0.000570,0.000950,0.003483,0.002723,0.016024,0.013110,0.007474,0.002787,0.006017,0.003262,0.001963,0.003768,0.012224,0.007062,0.008202,0.007537,0.005193,0.003483,0.003452,0.004845,0.011020,0.001995,0.002692,0.008677,0.002248,0.007664,0.006872,0.009722,0.087973,0.080436,0.066787,0.076034,0.222655,0.055608,0.062227,0.048230,0.043955,0.071189,0.001013,0.000158,0.000285,0.000538,0.000063,0.000982,0.000063,0.000127,0.000095,0.000032,0.000063,0.000063,0.000032,0.000032,0.000032,0.000032,0.000032,0.000032,0.000032,0.000095,0.000095,0.000412,0.000063,0.000032,0.000063,0.000032,0.000032,0.000032,0.000032,0.000032,0.000032,
0.000032,0.000384,0.000384,0.000735,0.000767,0.000608,0.000448,0.000448,0.000320,0.000384,0.000512,0.001151,0.000767,0.000544,0.000703,0.000352,0.000448,0.000448,0.000640,0.000512,0.000416,0.000320,0.000480,0.000416,0.000576,0.000480,0.000576,0.002654,0.002942,0.006875,0.003965,0.008730,0.002046,0.001407,0.001983,0.001759,0.003038,0.011224,0.005084,0.005852,0.005500,0.003421,0.003038,0.002750,0.003230,0.002910,0.001951,0.002238,0.005756,0.001663,0.006267,0.004221,0.005340,0.090334,0.083043,0.060851,0.074409,0.106642,0.191187,0.057206,0.059188,0.065840,0.087711,0.000927,0.000032,0.000384,0.000384,0.000096,0.000640,0.000160,0.000064,0.000064,0.000064,0.000096,0.000032,0.000032,0.000032,0.000032,0.000032,0.000032,0.000032,0.000032,0.000032,0.000096,0.000288,0.000064,0.000032,0.000032,0.000032,0.000032,0.000032,0.000032,0.000032,0.000032,
0.000036,0.000727,0.000218,0.000654,0.000509,0.000400,0.000255,0.000509,0.000291,0.000327,0.000691,0.000982,0.000873,0.000764,0.000764,0.000327,0.000473,0.000327,0.000473,0.000618,0.000291,0.000327,0.000691,0.000618,0.000727,0.000473,0.000436,0.002218,0.001891,0.006181,0.004181,0.004399,0.003745,0.002000,0.002182,0.002254,0.003309,0.013234,0.005308,0.006981,0.006072,0.003599,0.003200,0.003927,0.003454,0.003490,0.002109,0.002145,0.007272,0.002400,0.006399,0.002800,0.004908,0.085042,0.069372,0.063663,0.058791,0.078643,0.140234,0.118019,0.060900,0.108639,0.088060,0.001163,0.000073,0.000364,0.000509,0.000073,0.000800,0.000109,0.000145,0.000145,0.000145,0.000109,0.000145,0.000036,0.000073,0.000036,0.000036,0.000036,0.000036,0.000036,0.000109,0.000036,0.000509,0.000073,0.000109,0.000036,0.000036,0.000073,0.000036,0.000036,0.000036,0.000036,
0.000039,0.000385,0.000655,0.000771,0.000424,0.000462,0.000154,0.000655,0.000270,0.000347,0.000539,0.001002,0.000424,0.000424,0.000809,0.000501,0.000501,0.000771,0.000385,0.000501,0.000231,0.000462,0.000963,0.000501,0.000424,0.000616,0.000347,0.004007,0.003237,0.007668,0.004161,0.003853,0.002697,0.003044,0.002620,0.002004,0.002967,0.011636,0.005626,0.007359,0.005703,0.002967,0.003660,0.004084,0.002928,0.003198,0.002466,0.002659,0.006358,0.002235,0.007783,0.003506,0.004662,0.087080,0.073556,0.058722,0.069741,0.069549,0.065464,0.139868,0.149462,0.073017,0.081763,0.001233,0.000154,0.000462,0.000347,0.000116,0.000848,0.000116,0.000116,0.000039,0.000039,0.000077,0.000154,0.000039,0.000039,0.000077,0.000039,0.000039,0.000039,0.000039,0.000039,0.000231,0.000424,0.000116,0.000039,0.000039,0.000039,0.000039,0.000039,0.000039,0.000039,0.000039,
0.000034,0.000447,0.000757,0.000447,0.000860,0.000481,0.000413,0.000309,0.000447,0.000309,0.000585,0.000791,0.000447,0.000550,0.000894,0.000722,0.000344,0.000688,0.000619,0.000378,0.000378,0.000275,0.000550,0.000309,0.000309,0.000447,0.000481,0.001616,0.001823,0.006018,0.003714,0.004298,0.001754,0.002373,0.004023,0.002373,0.002613,0.012861,0.004574,0.006671,0.005640,0.002579,0.003783,0.003748,0.002889,0.003611,0.001788,0.002270,0.006293,0.002338,0.005915,0.003095,0.004711,0.088033,0.074587,0.059010,0.067091,0.073728,0.070530,0.089409,0.124037,0.147662,0.085248,0.000619,0.000034,0.000344,0.000344,0.000069,0.001066,0.000103,0.000103,0.000034,0.000069,0.000103,0.000034,0.000034,0.000103,0.000034,0.000034,0.000034,0.000034,0.000034,0.000069,0.000172,0.000241,0.000034,0.000034,0.000034,0.000034,0.000034,0.000034,0.000034,0.000034,0.000034,
0.000023,0.000633,0.000258,0.000892,0.000328,0.000328,0.000188,0.000164,0.000282,0.000164,0.000211,0.001009,0.000493,0.000422,0.000258,0.000446,0.000352,0.000399,0.000328,0.000094,0.000469,0.000328,0.000211,0.000282,0.000258,0.000375,0.000446,0.001548,0.001361,0.004012,0.002440,0.002675,0.001220,0.001502,0.001947,0.001900,0.002323,0.007930,0.003848,0.004200,0.004012,0.001947,0.001760,0.005255,0.002487,0.002745,0.001666,0.001126,0.004129,0.001197,0.004129,0.002393,0.003660,0.080635,0.065245,0.056353,0.055767,0.065691,0.079838,0.084131,0.134642,0.206363,0.085257,0.000704,0.000047,0.000422,0.000399,0.000070,0.000352,0.000023,0.000047,0.000070,0.000047,0.000023,0.000070,0.000023,0.000023,0.000023,0.000023,0.000023,0.000047,0.000023,0.000070,0.000094,0.000188,0.000023,0.000023,0.000023,0.000023,0.000023,0.000023,0.000023,0.000023,0.000023,
0.000018,0.000124,0.000231,0.000213,0.000302,0.000302,0.000089,0.000160,0.000178,0.000249,0.000284,0.000586,0.000320,0.000320,0.000178,0.000231,0.000231,0.000213,0.000195,0.000231,0.000089,0.000195,0.000302,0.000178,0.000391,0.000195,0.000373,0.001031,0.002328,0.003092,0.006148,0.003927,0.001261,0.001581,0.001279,0.001901,0.003287,0.006432,0.003927,0.004833,0.003003,0.002150,0.001723,0.002114,0.003553,0.004282,0.001031,0.001297,0.004868,0.001883,0.004460,0.006485,0.004371,0.162429,0.077412,0.062630,0.054244,0.061155,0.056394,0.066823,0.069950,0.077252,0.220333,0.000409,0.000036,0.000249,0.000284,0.000107,0.000604,0.000018,0.000053,0.000373,0.000018,0.000018,0.000036,0.000018,0.000018,0.000036,0.000018,0.000018,0.000018,0.000018,0.000036,0.000071,0.000142,0.000018,0.000018,0.000018,0.000018,0.000018,0.000018,0.000018,0.000018,0.000018,
0.002096,0.023061,0.006289,0.002096,0.002096,0.004193,0.004193,0.002096,0.002096,0.002096,0.002096,0.002096,0.002096,0.002096,0.002096,0.002096,0.004193,0.002096,0.002096,0.006289,0.002096,0.002096,0.002096,0.002096,0.002096,0.002096,0.002096,0.008386,0.004193,0.014675,0.004193,0.012579,0.004193,0.004193,0.006289,0.004193,0.008386,0.014675,0.010482,0.018868,0.002096,0.006289,0.002096,0.006289,0.008386,0.006289,0.002096,0.008386,0.018868,0.006289,0.008386,0.010482,0.006289,0.098532,0.035639,0.012579,0.008386,0.014675,0.012579,0.006289,0.020964,0.025157,0.012579,0.358491,0.012579,0.002096,0.006289,0.006289,0.002096,0.002096,0.010482,0.002096,0.002096,0.004193,0.002096,0.002096,0.002096,0.002096,0.002096,0.002096,0.002096,0.002096,0.002096,0.002096,0.004193,0.002096,0.002096,0.002096,0.002096,0.002096,0.002096,0.002096,0.002096,0.002096,
0.006623,0.006623,0.013245,0.006623,0.006623,0.006623,0.006623,0.006623,0.006623,0.013245,0.006623,0.006623,0.006623,0.006623,0.013245,0.006623,0.006623,0.006623,0.019868,0.006623,0.006623,0.006623,0.006623,0.006623,0.013245,0.006623,0.006623,0.006623,0.006623,0.006623,0.006623,0.006623,0.006623,0.013245,0.006623,0.006623,0.006623,0.006623,0.039735,0.013245,0.006623,0.013245,0.013245,0.013245,0.013245,0.033113,0.006623,0.013245,0.006623,0.006623,0.006623,0.033113,0.026490,0.099338,0.026490,0.013245,0.006623,0.026490,0.006623,0.006623,0.013245,0.006623,0.006623,0.006623,0.013245,0.006623,0.006623,0.039735,0.006623,0.006623,0.006623,0.006623,0.006623,0.006623,0.006623,0.006623,0.006623,0.006623,0.006623,0.006623,0.006623,0.006623,0.006623,0.006623,0.006623,0.006623,0.006623,0.006623,0.006623,0.006623,0.006623,0.006623,0.006623,0.006623,
0.001678,0.001678,0.001678,0.001678,0.008389,0.003356,0.003356,0.003356,0.001678,0.003356,0.005034,0.006711,0.003356,0.011745,0.003356,0.003356,0.003356,0.005034,0.001678,0.005034,0.001678,0.001678,0.001678,0.003356,0.003356,0.001678,0.005034,0.005034,0.005034,0.013423,0.028523,0.013423,0.003356,0.006711,0.011745,0.011745,0.023490,0.016779,0.018456,0.030201,0.013423,0.011745,0.015101,0.010067,0.011745,0.026846,0.005034,0.010067,0.028523,0.011745,0.033557,0.016779,0.045302,0.135906,0.062081,0.023490,0.016779,0.026846,0.008389,0.020134,0.018456,0.033557,0.045302,0.001678,0.001678,0.025168,0.001678,0.001678,0.003356,0.001678,0.001678,0.001678,0.001678,0.001678,0.001678,0.001678,0.006711,0.001678,0.001678,0.001678,0.001678,0.001678,0.001678,0.003356,0.001678,0.001678,0.001678,0.001678,0.001678,0.001678,0.001678,0.001678,0.001678,0.001678,
0.000761,0.000761,0.000761,0.000761,0.000761,0.003805,0.000761,0.000761,0.001522,0.001522,0.004566,0.003044,0.003044,0.001522,0.002283,0.003805,0.001522,0.000761,0.004566,0.003044,0.000761,0.000761,0.002283,0.001522,0.003044,0.000761,0.003805,0.001522,0.013699,0.011416,0.022831,0.022831,0.006849,0.006849,0.005327,0.008371,0.025114,0.022831,0.024353,0.015982,0.016743,0.022070,0.013699,0.012938,0.018265,0.025114,0.006088,0.003044,0.031963,0.006088,0.037291,0.015221,0.028919,0.156012,0.084475,0.031202,0.015982,0.021309,0.015982,0.021309,0.026636,0.048706,0.046423,0.000761,0.000761,0.001522,0.023592,0.000761,0.001522,0.000761,0.000761,0.000761,0.000761,0.000761,0.000761,0.000761,0.000761,0.000761,0.000761,0.000761,0.000761,0.000761,0.000761,0.000761,0.002283,0.003805,0.000761,0.000761,0.000761,0.000761,0.000761,0.000761,0.001522,0.000761,
0.003497,0.003497,0.003497,0.006993,0.003497,0.003497,0.003497,0.003497,0.003497,0.003497,0.003497,0.003497,0.003497,0.003497,0.003497,0.006993,0.003497,0.003497,0.003497,0.006993,0.003497,0.003497,0.003497,0.003497,0.003497,0.003497,0.010490,0.006993,0.003497,0.003497,0.013986,0.003497,0.003497,0.003497,0.003497,0.006993,0.010490,0.020979,0.006993,0.010490,0.003497,0.003497,0.003497,0.006993,0.010490,0.003497,0.003497,0.010490,0.006993,0.003497,0.010490,0.013986,0.003497,0.279720,0.031469,0.069930,0.020979,0.006993,0.013986,0.010490,0.052448,0.031469,0.024476,0.003497,0.003497,0.010490,0.003497,0.013986,0.003497,0.003497,0.020979,0.010490,0.006993,0.003497,0.003497,0.003497,0.006993,0.006993,0.003497,0.003497,0.003497,0.003497,0.003497,0.003497,0.006993,0.003497,0.003497,0.003497,0.003497,0.003497,0.003497,0.003497,0.003497,0.003497,
0.000941,0.002822,0.000941,0.001881,0.003763,0.001881,0.001881,0.001881,0.002822,0.000941,0.002822,0.003763,0.003763,0.001881,0.002822,0.001881,0.001881,0.002822,0.002822,0.001881,0.000941,0.001881,0.001881,0.001881,0.001881,0.000941,0.009407,0.002822,0.007526,0.013170,0.024459,0.014111,0.011289,0.004704,0.013170,0.014111,0.018815,0.026341,0.031044,0.018815,0.016933,0.014111,0.012230,0.015052,0.012230,0.016933,0.004704,0.003763,0.048918,0.008467,0.021637,0.017874,0.022578,0.149577,0.047977,0.025400,0.015052,0.015052,0.007526,0.022578,0.015992,0.033866,0.056444,0.001881,0.000941,0.001881,0.003763,0.000941,0.092192,0.002822,0.000941,0.000941,0.000941,0.000941,0.002822,0.000941,0.000941,0.000941,0.000941,0.000941,0.000941,0.000941,0.000941,0.000941,0.000941,0.001881,0.000941,0.000941,0.000941,0.000941,0.000941,0.000941,0.000941,0.000941,
0.007407,0.007407,0.007407,0.007407,0.007407,0.007407,0.007407,0.007407,0.007407,0.007407,0.007407,0.007407,0.007407,0.007407,0.007407,0.007407,0.007407,0.007407,0.007407,0.007407,0.007407,0.007407,0.007407,0.007407,0.007407,0.007407,0.007407,0.007407,0.007407,0.014815,0.007407,0.007407,0.007407,0.007407,0.007407,0.014815,0.022222,0.014815,0.022222,0.014815,0.014815,0.014815,0.007407,0.007407,0.007407,0.007407,0.007407,0.007407,0.007407,0.007407,0.014815,0.007407,0.014815,0.074074,0.029630,0.014815,0.022222,0.022222,0.014815,0.014815,0.014815,0.022222,0.007407,0.007407,0.007407,0.007407,0.007407,0.007407,0.051852,0.014815,0.007407,0.007407,0.007407,0.007407,0.007407,0.007407,0.007407,0.007407,0.007407,0.007407,0.007407,0.007407,0.007407,0.007407,0.007407,0.007407,0.007407,0.007407,0.007407,0.007407,0.007407,0.007407,0.007407,0.007407,
0.006135,0.006135,0.006135,0.006135,0.006135,0.006135,0.006135,0.006135,0.006135,0.006135,0.006135,0.006135,0.006135,0.006135,0.006135,0.006135,0.018405,0.006135,0.012270,0.006135,0.006135,0.006135,0.012270,0.006135,0.006135,0.006135,0.012270,0.006135,0.006135,0.018405,0.006135,0.012270,0.006135,0.012270,0.018405,0.006135,0.006135,0.018405,0.012270,0.006135,0.018405,0.006135,0.018405,0.006135,0.006135,0.006135,0.006135,0.006135,0.006135,0.006135,0.006135,0.012270,0.006135,0.061350,0.024540,0.012270,0.012270,0.024540,0.006135,0.012270,0.012270,0.012270,0.012270,0.018405,0.006135,0.006135,0.006135,0.006135,0.006135,0.006135,0.141104,0.030675,0.006135,0.006135,0.006135,0.006135,0.006135,0.006135,0.006135,0.006135,0.006135,0.006135,0.006135,0.006135,0.012270,0.006135,0.006135,0.006135,0.006135,0.006135,0.006135,0.006135,0.006135,0.006135,
0.007874,0.007874,0.007874,0.007874,0.015748,0.007874,0.007874,0.007874,0.007874,0.007874,0.007874,0.007874,0.015748,0.007874,0.007874,0.007874,0.007874,0.007874,0.007874,0.007874,0.007874,0.007874,0.007874,0.007874,0.007874,0.007874,0.007874,0.007874,0.007874,0.015748,0.007874,0.007874,0.007874,0.015748,0.007874,0.007874,0.015748,0.015748,0.015748,0.007874,0.007874,0.007874,0.015748,0.007874,0.007874,0.007874,0.007874,0.007874,0.055118,0.007874,0.007874,0.007874,0.023622,0.047244,0.007874,0.015748,0.007874,0.015748,0.007874,0.007874,0.007874,0.007874,0.015748,0.015748,0.007874,0.007874,0.007874,0.007874,0.007874,0.007874,0.007874,0.023622,0.015748,0.007874,0.007874,0.007874,0.007874,0.007874,0.007874,0.007874,0.007874,0.007874,0.007874,0.007874,0.015748,0.039370,0.007874,0.007874,0.007874,0.007874,0.007874,0.007874,0.007874,0.007874,
0.005650,0.005650,0.005650,0.005650,0.005650,0.005650,0.005650,0.005650,0.005650,0.005650,0.005650,0.011299,0.005650,0.005650,0.005650,0.005650,0.005650,0.005650,0.005650,0.005650,0.011299,0.005650,0.011299,0.005650,0.016949,0.005650,0.005650,0.011299,0.011299,0.016949,0.011299,0.011299,0.011299,0.005650,0.005650,0.005650,0.016949,0.033898,0.039548,0.039548,0.005650,0.005650,0.016949,0.016949,0.022599,0.050847,0.005650,0.005650,0.028249,0.005650,0.016949,0.011299,0.022599,0.005650,0.005650,0.011299,0.005650,0.005650,0.005650,0.005650,0.011299,0.005650,0.011299,0.011299,0.005650,0.005650,0.011299,0.096045,0.005650,0.005650,0.011299,0.011299,0.011299,0.005650,0.005650,0.005650,0.005650,0.005650,0.005650,0.005650,0.005650,0.005650,0.005650,0.005650,0.022599,0.005650,0.005650,0.005650,0.005650,0.005650,0.005650,0.005650,0.005650,0.005650,
0.007874,0.007874,0.007874,0.007874,0.015748,0.007874,0.007874,0.007874,0.007874,0.007874,0.007874,0.007874,0.007874,0.007874,0.007874,0.007874,0.007874,0.007874,0.007874,0.007874,0.007874,0.007874,0.007874,0.007874,0.007874,0.007874,0.007874,0.007874,0.007874,0.007874,0.007874,0.007874,0.007874,0.007874,0.007874,0.007874,0.023622,0.015748,0.007874,0.007874,0.007874,0.007874,0.007874,0.007874,0.007874,0.007874,0.007874,0.015748,0.007874,0.007874,0.015748,0.007874,0.007874,0.015748,0.023622,0.007874,0.015748,0.007874,0.015748,0.007874,0.015748,0.007874,0.015748,0.007874,0.007874,0.007874,0.007874,0.007874,0.015748,0.007874,0.007874,0.007874,0.007874,0.149606,0.007874,0.007874,0.007874,0.007874,0.007874,0.007874,0.007874,0.007874,0.007874,0.015748,0.007874,0.007874,0.007874,0.007874,0.007874,0.007874,0.007874,0.007874,0.007874,0.007874,
0.007407,0.007407,0.007407,0.007407,0.014815,0.007407,0.022222,0.007407,0.014815,0.007407,0.007407,0.014815,0.007407,0.007407,0.007407,0.007407,0.007407,0.007407,0.007407,0.007407,0.007407,0.007407,0.007407,0.007407,0.007407,0.007407,0.007407,0.007407,0.007407,0.014815,0.007407,0.007407,0.007407,0.014815,0.007407,0.007407,0.014815,0.007407,0.007407,0.007407,0.007407,0.007407,0.007407,0.007407,0.007407,0.007407,0.014815,0.007407,0.007407,0.014815,0.007407,0.007407,0.007407,0.088889,0.022222,0.014815,0.007407,0.007407,0.014815,0.044444,0.007407,0.037037,0.022222,0.007407,0.007407,0.007407,0.007407,0.007407,0.014815,0.014815,0.007407,0.007407,0.007407,0.007407,0.022222,0.007407,0.007407,0.007407,0.007407,0.007407,0.007407,0.007407,0.007407,0.014815,0.007407,0.007407,0.007407,0.007407,0.007407,0.007407,0.007407,0.007407,0.007407,0.007407,
0.010309,0.010309,0.010309,0.010309,0.010309,0.010309,0.010309,0.010309,0.010309,0.010309,0.010309,0.010309,0.010309,0.010309,0.010309,0.010309,0.010309,0.010309,0.010309,0.010309,0.010309,0.010309,0.010309,0.010309,0.010309,0.010309,0.010309,0.010309,0.010309,0.010309,0.010309,0.010309,0.010309,0.010309,0.010309,0.010309,0.010309,0.010309,0.010309,0.010309,0.010309,0.010309,0.010309,0.010309,0.010309,0.020619,0.010309,0.010309,0.010309,0.010309,0.010309,0.010309,0.010309,0.010309,0.010309,0.010309,0.010309,0.010309,0.010309,0.010309,0.010309,0.010309,0.010309,0.010309,0.010309,0.010309,0.010309,0.010309,0.010309,0.010309,0.010309,0.010309,0.010309,0.010309,0.010309,0.020619,0.010309,0.010309,0.010309,0.010309,0.010309,0.010309,0.010309,0.010309,0.010309,0.010309,0.010309,0.010309,0.010309,0.010309,0.010309,0.010309,0.010309,0.020619,
0.008333,0.008333,0.008333,0.016667,0.008333,0.008333,0.008333,0.008333,0.008333,0.008333,0.008333,0.008333,0.008333,0.016667,0.008333,0.008333,0.008333,0.008333,0.008333,0.008333,0.008333,0.008333,0.008333,0.008333,0.008333,0.008333,0.008333,0.008333,0.016667,0.008333,0.016667,0.016667,0.008333,0.008333,0.008333,0.016667,0.008333,0.016667,0.008333,0.008333,0.008333,0.008333,0.008333,0.008333,0.016667,0.016667,0.008333,0.008333,0.016667,0.008333,0.008333,0.008333,0.025000,0.008333,0.016667,0.008333,0.008333,0.008333,0.033333,0.008333,0.008333,0.008333,0.025000,0.008333,0.008333,0.025000,0.008333,0.008333,0.008333,0.008333,0.016667,0.008333,0.008333,0.008333,0.008333,0.008333,0.033333,0.008333,0.008333,0.008333,0.008333,0.016667,0.016667,0.008333,0.008333,0.008333,0.008333,0.008333,0.008333,0.008333,0.008333,0.008333,0.008333,0.008333,
0.008475,0.008475,0.008475,0.008475,0.008475,0.008475,0.008475,0.008475,0.008475,0.008475,0.008475,0.008475,0.008475,0.008475,0.008475,0.008475,0.008475,0.008475,0.008475,0.008475,0.008475,0.008475,0.008475,0.008475,0.016949,0.016949,0.008475,0.008475,0.008475,0.008475,0.016949,0.008475,0.008475,0.008475,0.008475,0.008475,0.008475,0.025424,0.016949,0.008475,0.008475,0.008475,0.016949,0.008475,0.016949,0.033898,0.008475,0.008475,0.008475,0.008475,0.008475,0.016949,0.016949,0.016949,0.016949,0.008475,0.008475,0.016949,0.008475,0.008475,0.016949,0.008475,0.008475,0.008475,0.008475,0.008475,0.008475,0.008475,0.008475,0.008475,0.008475,0.008475,0.008475,0.008475,0.008475,0.008475,0.008475,0.008475,0.016949,0.008475,0.008475,0.008475,0.059322,0.008475,0.008475,0.008475,0.008475,0.008475,0.008475,0.008475,0.008475,0.008475,0.008475,0.008475,
0.010101,0.010101,0.010101,0.010101,0.010101,0.010101,0.010101,0.010101,0.010101,0.010101,0.010101,0.010101,0.010101,0.010101,0.010101,0.010101,0.010101,0.010101,0.010101,0.010101,0.020202,0.010101,0.010101,0.010101,0.010101,0.010101,0.010101,0.010101,0.010101,0.010101,0.010101,0.010101,0.010101,0.020202,0.020202,0.010101,0.010101,0.010101,0.010101,0.010101,0.010101,0.010101,0.010101,0.010101,0.010101,0.010101,0.010101,0.010101,0.010101,0.010101,0.010101,0.010101,0.010101,0.010101,0.010101,0.010101,0.010101,0.010101,0.010101,0.010101,0.020202,0.010101,0.010101,0.010101,0.010101,0.010101,0.010101,0.010101,0.010101,0.010101,0.010101,0.010101,0.010101,0.010101,0.010101,0.010101,0.010101,0.010101,0.010101,0.010101,0.010101,0.020202,0.010101,0.010101,0.010101,0.010101,0.010101,0.010101,0.010101,0.010101,0.010101,0.010101,0.010101,0.010101,
0.010101,0.010101,0.010101,0.010101,0.010101,0.010101,0.010101,0.010101,0.010101,0.010101,0.010101,0.010101,0.010101,0.010101,0.010101,0.010101,0.010101,0.010101,0.010101,0.010101,0.010101,0.010101,0.010101,0.010101,0.010101,0.010101,0.010101,0.010101,0.010101,0.010101,0.010101,0.010101,0.010101,0.010101,0.010101,0.010101,0.010101,0.010101,0.010101,0.010101,0.010101,0.010101,0.020202,0.010101,0.010101,0.010101,0.010101,0.010101,0.010101,0.010101,0.010101,0.010101,0.010101,0.010101,0.020202,0.010101,0.010101,0.010101,0.010101,0.020202,0.010101,0.010101,0.010101,0.010101,0.010101,0.020202,0.010101,0.010101,0.010101,0.010101,0.010101,0.010101,0.010101,0.010101,0.010101,0.010101,0.010101,0.010101,0.010101,0.020202,0.010101,0.010101,0.010101,0.010101,0.010101,0.010101,0.010101,0.010101,0.010101,0.010101,0.010101,0.010101,0.010101,0.010101,
0.010638,0.010638,0.010638,0.010638,0.010638,0.010638,0.010638,0.010638,0.010638,0.010638,0.010638,0.010638,0.010638,0.010638,0.010638,0.010638,0.010638,0.010638,0.010638,0.010638,0.010638,0.010638,0.010638,0.010638,0.010638,0.010638,0.010638,0.010638,0.010638,0.010638,0.010638,0.010638,0.010638,0.010638,0.010638,0.010638,0.010638,0.010638,0.010638,0.010638,0.010638,0.010638,0.010638,0.010638,0.010638,0.010638,0.010638,0.010638,0.010638,0.010638,0.010638,0.010638,0.010638,0.010638,0.010638,0.010638,0.010638,0.010638,0.010638,0.010638,0.010638,0.010638,0.010638,0.010638,0.010638,0.010638,0.010638,0.010638,0.010638,0.010638,0.010638,0.010638,0.010638,0.010638,0.010638,0.010638,0.010638,0.010638,0.010638,0.010638,0.010638,0.010638,0.010638,0.010638,0.010638,0.010638,0.010638,0.010638,0.010638,0.010638,0.010638,0.010638,0.010638,0.010638,
0.010417,0.010417,0.010417,0.010417,0.010417,0.010417,0.010417,0.010417,0.010417,0.010417,0.010417,0.010417,0.010417,0.010417,0.010417,0.010417,0.010417,0.010417,0.010417,0.010417,0.010417,0.010417,0.010417,0.010417,0.010417,0.010417,0.010417,0.010417,0.010417,0.010417,0.010417,0.010417,0.010417,0.010417,0.010417,0.010417,0.010417,0.010417,0.010417,0.010417,0.010417,0.010417,0.010417,0.010417,0.010417,0.010417,0.010417,0.010417,0.010417,0.010417,0.010417,0.010417,0.010417,0.010417,0.010417,0.010417,0.010417,0.010417,0.010417,0.010417,0.020833,0.010417,0.010417,0.010417,0.010417,0.010417,0.010417,0.010417,0.010417,0.010417,0.010417,0.010417,0.010417,0.010417,0.010417,0.010417,0.010417,0.010417,0.010417,0.010417,0.010417,0.010417,0.010417,0.020833,0.010417,0.010417,0.010417,0.010417,0.010417,0.010417,0.010417,0.010417,0.010417,0.010417,
0.009615,0.009615,0.009615,0.009615,0.009615,0.009615,0.009615,0.009615,0.009615,0.019231,0.009615,0.009615,0.009615,0.009615,0.009615,0.009615,0.009615,0.009615,0.009615,0.009615,0.009615,0.009615,0.009615,0.009615,0.009615,0.009615,0.009615,0.009615,0.009615,0.019231,0.009615,0.009615,0.009615,0.009615,0.009615,0.019231,0.009615,0.009615,0.009615,0.009615,0.009615,0.009615,0.009615,0.009615,0.009615,0.009615,0.009615,0.009615,0.009615,0.009615,0.009615,0.009615,0.009615,0.009615,0.009615,0.009615,0.009615,0.009615,0.009615,0.009615,0.009615,0.009615,0.009615,0.019231,0.009615,0.009615,0.009615,0.009615,0.009615,0.009615,0.009615,0.009615,0.009615,0.019231,0.019231,0.009615,0.009615,0.019231,0.019231,0.009615,0.009615,0.009615,0.009615,0.009615,0.009615,0.019231,0.009615,0.009615,0.019231,0.009615,0.009615,0.009615,0.009615,0.009615,
0.004545,0.009091,0.004545,0.004545,0.004545,0.004545,0.004545,0.004545,0.004545,0.004545,0.004545,0.004545,0.004545,0.004545,0.004545,0.004545,0.004545,0.009091,0.004545,0.009091,0.004545,0.004545,0.004545,0.004545,0.004545,0.004545,0.004545,0.004545,0.004545,0.009091,0.004545,0.004545,0.013636,0.004545,0.009091,0.009091,0.018182,0.004545,0.009091,0.018182,0.009091,0.013636,0.009091,0.013636,0.018182,0.036364,0.004545,0.004545,0.018182,0.004545,0.031818,0.009091,0.009091,0.259091,0.027273,0.013636,0.009091,0.009091,0.009091,0.009091,0.009091,0.009091,0.013636,0.004545,0.004545,0.009091,0.009091,0.009091,0.009091,0.009091,0.004545,0.004545,0.004545,0.009091,0.004545,0.004545,0.004545,0.004545,0.004545,0.009091,0.004545,0.004545,0.004545,0.031818,0.004545,0.004545,0.004545,0.004545,0.004545,0.004545,0.004545,0.004545,0.004545,0.004545,
0.002646,0.005291,0.002646,0.002646,0.002646,0.005291,0.002646,0.002646,0.002646,0.002646,0.002646,0.007937,0.007937,0.002646,0.002646,0.007937,0.005291,0.002646,0.002646,0.002646,0.002646,0.005291,0.005291,0.002646,0.002646,0.002646,0.005291,0.007937,0.010582,0.005291,0.018519,0.013228,0.002646,0.002646,0.005291,0.002646,0.007937,0.023810,0.018519,0.007937,0.015873,0.010582,0.007937,0.010582,0.010582,0.026455,0.002646,0.005291,0.015873,0.005291,0.013228,0.005291,0.023810,0.066138,0.023810,0.010582,0.013228,0.005291,0.005291,0.015873,0.026455,0.015873,0.021164,0.002646,0.002646,0.002646,0.007937,0.002646,0.002646,0.002646,0.002646,0.002646,0.005291,0.002646,0.002646,0.002646,0.002646,0.005291,0.002646,0.002646,0.002646,0.002646,0.002646,0.005291,0.317460,0.005291,0.002646,0.002646,0.002646,0.002646,0.002646,0.002646,0.002646,0.002646,
0.008403,0.008403,0.008403,0.008403,0.008403,0.008403,0.008403,0.008403,0.008403,0.008403,0.008403,0.008403,0.008403,0.008403,0.008403,0.008403,0.008403,0.008403,0.008403,0.008403,0.008403,0.008403,0.008403,0.008403,0.008403,0.008403,0.008403,0.008403,0.008403,0.008403,0.016807,0.008403,0.008403,0.008403,0.008403,0.008403,0.008403,0.008403,0.016807,0.008403,0.008403,0.008403,0.016807,0.008403,0.008403,0.008403,0.008403,0.016807,0.008403,0.008403,0.008403,0.025210,0.008403,0.016807,0.016807,0.008403,0.008403,0.008403,0.016807,0.008403,0.008403,0.008403,0.008403,0.008403,0.008403,0.008403,0.050420,0.016807,0.008403,0.008403,0.008403,0.008403,0.033613,0.008403,0.008403,0.008403,0.008403,0.008403,0.008403,0.008403,0.008403,0.008403,0.008403,0.008403,0.016807,0.058824,0.008403,0.008403,0.008403,0.008403,0.008403,0.008403,0.008403,0.008403,
0.009259,0.027778,0.009259,0.009259,0.009259,0.009259,0.009259,0.009259,0.009259,0.009259,0.009259,0.018519,0.009259,0.009259,0.009259,0.009259,0.009259,0.018519,0.009259,0.009259,0.009259,0.009259,0.009259,0.009259,0.009259,0.009259,0.009259,0.018519,0.009259,0.009259,0.009259,0.009259,0.009259,0.009259,0.009259,0.009259,0.009259,0.009259,0.009259,0.009259,0.009259,0.009259,0.009259,0.009259,0.009259,0.018519,0.018519,0.009259,0.009259,0.009259,0.009259,0.018519,0.009259,0.027778,0.009259,0.018519,0.009259,0.018519,0.009259,0.009259,0.009259,0.009259,0.009259,0.009259,0.009259,0.009259,0.009259,0.009259,0.009259,0.009259,0.009259,0.009259,0.027778,0.009259,0.009259,0.009259,0.009259,0.009259,0.009259,0.009259,0.009259,0.009259,0.009259,0.009259,0.009259,0.009259,0.009259,0.009259,0.009259,0.009259,0.009259,0.009259,0.009259,0.009259,
0.010417,0.010417,0.010417,0.010417,0.010417,0.010417,0.010417,0.010417,0.010417,0.010417,0.010417,0.010417,0.010417,0.010417,0.010417,0.010417,0.010417,0.010417,0.010417,0.010417,0.010417,0.010417,0.010417,0.010417,0.010417,0.010417,0.010417,0.010417,0.010417,0.020833,0.010417,0.010417,0.010417,0.010417,0.010417,0.010417,0.010417,0.010417,0.010417,0.010417,0.010417,0.010417,0.010417,0.010417,0.010417,0.010417,0.010417,0.010417,0.010417,0.010417,0.010417,0.010417,0.010417,0.010417,0.010417,0.010417,0.010417,0.020833,0.010417,0.010417,0.010417,0.010417,0.010417,0.010417,0.010417,0.010417,0.010417,0.010417,0.010417,0.010417,0.010417,0.010417,0.010417,0.010417,0.010417,0.010417,0.010417,0.010417,0.010417,0.010417,0.010417,0.010417,0.010417,0.010417,0.010417,0.010417,0.010417,0.010417,0.010417,0.010417,0.010417,0.010417,0.010417,0.010417,
0.009259,0.009259,0.009259,0.009259,0.009259,0.009259,0.009259,0.009259,0.009259,0.009259,0.009259,0.009259,0.018519,0.009259,0.009259,0.009259,0.009259,0.009259,0.009259,0.009259,0.009259,0.009259,0.009259,0.009259,0.009259,0.009259,0.009259,0.009259,0.009259,0.009259,0.009259,0.009259,0.009259,0.018519,0.009259,0.009259,0.009259,0.009259,0.009259,0.009259,0.009259,0.009259,0.009259,0.009259,0.009259,0.009259,0.009259,0.009259,0.009259,0.009259,0.037037,0.009259,0.009259,0.009259,0.009259,0.074074,0.009259,0.009259,0.009259,0.009259,0.009259,0.009259,0.009259,0.009259,0.009259,0.009259,0.009259,0.009259,0.009259,0.009259,0.009259,0.009259,0.009259,0.009259,0.009259,0.009259,0.018519,0.009259,0.009259,0.009259,0.009259,0.009259,0.018519,0.009259,0.009259,0.009259,0.009259,0.009259,0.009259,0.009259,0.009259,0.009259,0.009259,0.009259,
0.010309,0.010309,0.010309,0.010309,0.010309,0.010309,0.010309,0.010309,0.010309,0.010309,0.010309,0.010309,0.010309,0.010309,0.020619,0.010309,0.010309,0.010309,0.010309,0.010309,0.010309,0.010309,0.010309,0.010309,0.010309,0.010309,0.010309,0.010309,0.010309,0.010309,0.010309,0.010309,0.010309,0.010309,0.010309,0.010309,0.010309,0.010309,0.010309,0.010309,0.010309,0.010309,0.010309,0.010309,0.010309,0.010309,0.010309,0.010309,0.010309,0.010309,0.020619,0.010309,0.020619,0.010309,0.010309,0.010309,0.010309,0.010309,0.010309,0.010309,0.010309,0.010309,0.010309,0.010309,0.010309,0.010309,0.010309,0.010309,0.010309,0.010309,0.010309,0.010309,0.010309,0.010309,0.010309,0.010309,0.010309,0.010309,0.010309,0.010309,0.010309,0.010309,0.010309,0.010309,0.010309,0.010309,0.010309,0.010309,0.010309,0.010309,0.010309,0.010309,0.010309,0.010309,
0.009804,0.009804,0.009804,0.009804,0.009804,0.009804,0.009804,0.009804,0.009804,0.009804,0.009804,0.009804,0.009804,0.009804,0.009804,0.009804,0.009804,0.009804,0.009804,0.009804,0.009804,0.009804,0.009804,0.009804,0.009804,0.009804,0.009804,0.009804,0.009804,0.009804,0.009804,0.009804,0.009804,0.009804,0.009804,0.009804,0.009804,0.009804,0.009804,0.009804,0.019608,0.009804,0.009804,0.009804,0.009804,0.009804,0.009804,0.009804,0.019608,0.009804,0.009804,0.009804,0.009804,0.029412,0.009804,0.009804,0.009804,0.009804,0.009804,0.009804,0.009804,0.009804,0.009804,0.009804,0.009804,0.009804,0.019608,0.009804,0.009804,0.009804,0.009804,0.009804,0.009804,0.009804,0.009804,0.009804,0.009804,0.009804,0.009804,0.009804,0.009804,0.009804,0.009804,0.009804,0.009804,0.009804,0.009804,0.009804,0.009804,0.009804,0.039216,0.009804,0.009804,0.009804,
0.010204,0.010204,0.010204,0.010204,0.010204,0.010204,0.010204,0.010204,0.010204,0.010204,0.010204,0.010204,0.010204,0.010204,0.010204,0.010204,0.010204,0.010204,0.010204,0.010204,0.010204,0.010204,0.010204,0.010204,0.010204,0.010204,0.010204,0.010204,0.010204,0.010204,0.010204,0.010204,0.010204,0.010204,0.010204,0.010204,0.010204,0.010204,0.010204,0.010204,0.010204,0.010204,0.010204,0.010204,0.010204,0.010204,0.010204,0.010204,0.010204,0.010204,0.010204,0.010204,0.010204,0.030612,0.010204,0.010204,0.010204,0.010204,0.010204,0.010204,0.010204,0.010204,0.010204,0.010204,0.010204,0.010204,0.010204,0.010204,0.020408,0.020408,0.010204,0.010204,0.010204,0.010204,0.010204,0.010204,0.010204,0.010204,0.010204,0.010204,0.010204,0.010204,0.010204,0.010204,0.010204,0.010204,0.010204,0.010204,0.010204,0.010204,0.010204,0.010204,0.010204,0.010204,
0.010526,0.010526,0.010526,0.010526,0.010526,0.010526,0.010526,0.010526,0.010526,0.010526,0.010526,0.010526,0.010526,0.010526,0.010526,0.010526,0.010526,0.010526,0.010526,0.010526,0.010526,0.010526,0.010526,0.010526,0.010526,0.010526,0.010526,0.010526,0.010526,0.010526,0.010526,0.010526,0.010526,0.010526,0.010526,0.010526,0.010526,0.010526,0.010526,0.010526,0.010526,0.010526,0.010526,0.010526,0.010526,0.010526,0.010526,0.010526,0.010526,0.010526,0.010526,0.010526,0.010526,0.010526,0.010526,0.010526,0.010526,0.010526,0.010526,0.010526,0.010526,0.010526,0.010526,0.010526,0.010526,0.010526,0.010526,0.010526,0.010526,0.010526,0.010526,0.010526,0.010526,0.010526,0.010526,0.010526,0.010526,0.010526,0.010526,0.010526,0.010526,0.010526,0.010526,0.021053,0.010526,0.010526,0.010526,0.010526,0.010526,0.010526,0.010526,0.010526,0.010526,0.010526,
0.010101,0.010101,0.010101,0.010101,0.010101,0.010101,0.010101,0.010101,0.010101,0.010101,0.010101,0.010101,0.010101,0.010101,0.010101,0.010101,0.010101,0.010101,0.010101,0.010101,0.010101,0.010101,0.010101,0.010101,0.010101,0.010101,0.010101,0.010101,0.010101,0.010101,0.010101,0.020202,0.010101,0.010101,0.010101,0.010101,0.010101,0.010101,0.030303,0.010101,0.010101,0.020202,0.010101,0.010101,0.010101,0.010101,0.010101,0.010101,0.010101,0.010101,0.010101,0.010101,0.010101,0.010101,0.010101,0.010101,0.010101,0.010101,0.010101,0.010101,0.010101,0.010101,0.010101,0.010101,0.010101,0.010101,0.010101,0.010101,0.010101,0.010101,0.010101,0.010101,0.010101,0.010101,0.010101,0.010101,0.010101,0.010101,0.010101,0.010101,0.010101,0.010101,0.010101,0.010101,0.010101,0.010101,0.010101,0.010101,0.020202,0.010101,0.010101,0.010101,0.010101,0.010101,
